"method","bias","mae","rmse","spearman","accuracy","rules"
1,0.0159003749326384,0.0775340564123734,0.0938886618725854,0.735906048276514,0.606666666666667,0
2,-0.00141925498517604,0.084167319285838,0.110828325599755,0.667336495558696,0.575555555555556,0
3,-0.0101770127763759,0.0875604109801471,0.125754938025374,0,0.757777777777778,0
4,-0.0101770127763759,0.0875604109801471,0.125754938025374,0,0.757777777777778,0
1,0.0615807507714183,0.104060586119713,0.126473365649858,0.63807254984364,0.504444444444444,0
2,-0.00258238925094761,0.0941303363328265,0.119151872351059,0.459852706396043,0.422222222222222,0
3,-0.00379310387993851,0.0976877908967439,0.124493365848544,0.572282503755443,0.284444444444444,15
4,-0.00702073359037065,0.0983198662761969,0.127173327654627,0.501521528827456,0.284444444444444,13
1,0.0148590998869961,0.106284797735853,0.130535988705668,0.539222871450257,0.566666666666667,0
2,-0.00925865853827403,0.0895679264878304,0.118565108178775,0.483437596097611,0.468888888888889,0
3,-0.025997987384234,0.0866366856644185,0.129403921485892,0,0.735555555555556,0
4,-0.025997987384234,0.0866366856644185,0.129403921485892,0,0.735555555555556,0
1,0.0306227737382498,0.0923232136224091,0.111719260826824,0.574510233157831,0.508888888888889,0
2,-0.0107388117040492,0.0847759294689648,0.115436917102521,0.452676703967813,0.571111111111111,0
3,-0.00908803112118352,0.0838940453085155,0.120524201274674,0.566248654528753,0.355555555555556,14
4,-0.0102011756384098,0.0845341860417351,0.122340361613769,0.530408700029653,0.235555555555556,13
1,-0.0186815709402271,0.0915508281391751,0.117578149770231,0.562453560664887,0.617777777777778,0
2,-0.00774477630709114,0.0967001682857695,0.124990321124369,0.541269364267733,0.442222222222222,0
3,-0.0281766955161923,0.0942925437849843,0.137206440598258,0,0.724444444444444,0
4,-0.0281766955161923,0.0942925437849843,0.137206440598258,0,0.724444444444444,0
1,-0.0282633611598035,0.0921687284821495,0.114733839665871,0.63966968884626,0.693333333333333,0
2,-0.0318237201849699,0.084970051558934,0.114036402571212,0.632111869779341,0.753333333333333,0
3,-0.03154779689566,0.0885889490350907,0.126542445545608,0.606155157104038,0.753333333333333,13
4,-0.0344038658620776,0.0928604676044234,0.131129164574509,0.47386100111479,0.733333333333333,12
1,0.0394568917734218,0.0909230146265096,0.11216049750962,0.684006886482138,0.537777777777778,0
2,0.012023490707244,0.0875051298366296,0.112817037563956,0.516966528782098,0.36,0
3,-0.0103307665964091,0.0833617127402883,0.121194720734598,0,0.757777777777778,0
4,-0.0103307665964091,0.0833617127402883,0.121194720734598,0,0.757777777777778,0
1,-0.0112691801274563,0.0946099826598219,0.114526043386096,0.654304090983518,0.677777777777778,0
2,-0.0316601392021214,0.0879530634509049,0.118632830120662,0.611217284041249,0.744444444444444,0
3,-0.0304666625657353,0.0907992775797237,0.128573679609246,0.658217234937361,0.864444444444444,15
4,-0.0322101945349081,0.0936685296915176,0.132362762607933,0.483341347333556,0.748888888888889,13
1,0.0287888749968302,0.0841364113259739,0.103085925155652,0.755156989544574,0.544444444444444,0
2,0.0041993045980275,0.0853598204214331,0.104474175140753,0.636758838940204,0.62,0
3,-0.0128079963858489,0.0843533611513982,0.125524458825902,0,0.771111111111111,0
4,-0.0128079963858489,0.0843533611513982,0.125524458825902,0,0.771111111111111,0
1,0.0061860255403296,0.0851917092093775,0.101347592348943,0.690202221143118,0.617777777777778,0
2,-0.0207673798421844,0.0872955243208672,0.120105856099284,0.630568206800747,0.724444444444444,0
3,-0.0195820876094612,0.0899633447913148,0.127594162884363,0.856891876908945,0.926666666666667,15
4,-0.0192068779185694,0.0922907070987493,0.130827667174608,0.732117782414917,0.766666666666667,15
1,0.0415519983342365,0.0891442148175804,0.104560740614021,0.763765312996814,0.533333333333333,0
2,0.00395058053273834,0.102399917282315,0.12679491492615,0.54986861862899,0.422222222222222,0
3,-0.0231113209117786,0.100909476699004,0.140440903774802,0,0.717777777777778,0
4,-0.0231113209117786,0.100909476699004,0.140440903774802,0,0.717777777777778,0
1,0.0328826507649516,0.0986413932875159,0.11644273743523,0.645404025148498,0.524444444444444,0
2,-0.00761510795600723,0.0843456693201414,0.114956561742995,0.587100651639235,0.588888888888889,0
3,-0.00743217007062321,0.0853829069485411,0.122923521361757,0.722646902175374,0.537777777777778,15
4,-0.00770785675226515,0.0861455847031151,0.1254421211095,0.502265012999601,0.317777777777778,14
1,-0.0150808976183777,0.0888229183523978,0.110331675308197,0.668574359615135,0.697777777777778,0
2,-0.00933802559737466,0.0771189135648975,0.106817572067092,0.696721006629319,0.684444444444444,0
3,-0.00862683691424054,0.0825227953265968,0.123572019406732,0,0.782222222222222,0
4,-0.00862683691424054,0.0825227953265968,0.123572019406732,0,0.782222222222222,0
1,-0.00069353923856079,0.0768712654446445,0.097691837358887,0.622689966507545,0.573333333333333,0
2,-0.00995489978239967,0.0851798891326909,0.116463680789283,0.307838920967896,0.473333333333333,0
3,-0.0124165965002569,0.0849116056578441,0.120658250037248,0.241409130282067,0.253333333333333,13
4,-0.0122935811806717,0.0854187409484732,0.121138944679293,0.161283072138596,0.253333333333333,15
1,0.0073958544044926,0.072641659908799,0.0906966409496921,0.740831450074232,0.588888888888889,0
2,-0.0153738810401041,0.087524367950592,0.118108260941725,0.495659946041545,0.722222222222222,0
3,-0.0116172891162958,0.0875134693886115,0.124785287382204,0,0.746666666666667,0
4,-0.0116172891162958,0.0875134693886115,0.124785287382204,0,0.746666666666667,0
1,0.0591551892423517,0.103923616432684,0.127765605743609,0.631017237588718,0.475555555555556,0
2,-0.00881469581925756,0.0802769654134105,0.105348625943321,0.611257390293969,0.64,0
3,-0.00536506179436097,0.0821920316640129,0.115145304379025,0.654392112430779,0.475555555555556,15
4,-0.00679273990445541,0.084475303434375,0.119601159661424,0.573749481258659,0.24,9
1,-0.0191510229388186,0.0774465481474035,0.097246728461118,0.74851654218322,0.704444444444444,0
2,-0.0232459158558329,0.0935466689959991,0.126740729546322,0.358491001629099,0.573333333333333,0
3,-0.0311722068896241,0.0911066091417044,0.13499975540557,0,0.72,0
4,-0.0311722068896241,0.0911066091417044,0.13499975540557,0,0.72,0
1,0.032114488038276,0.124950641344226,0.146153575278645,0.136774599020606,0.453333333333333,0
2,-0.00178023699311473,0.0942897622036623,0.124154354008053,0.416067867220472,0.415555555555556,0
3,-0.0046923468185764,0.0963720404160408,0.128393465474345,0.6988770557597,0.257777777777778,14
4,-0.000973890851154308,0.0996505483241168,0.130082728365936,0.406524835781477,0.257777777777778,14
1,0.00820530164098752,0.0799224195602895,0.09646591849505,0.72483624937754,0.613333333333333,0
2,-0.0104565473204268,0.085400270456323,0.121062958200347,0.548074189508543,0.564444444444444,0
3,-0.013379464675414,0.0864641237324477,0.129517375521783,0,0.773333333333333,0
4,-0.013379464675414,0.0864641237324477,0.129517375521783,0,0.773333333333333,0
1,0.0459653863976812,0.102128945726626,0.124049788168793,0.545983377365541,0.517777777777778,0
2,0.00293048728976851,0.0927998441444205,0.119396154347837,0.403303509251337,0.433333333333333,0
3,0.00745362002754714,0.0975646393750395,0.125120423262176,0.480773878280949,0.248888888888889,14
4,0.00397827993143426,0.0967080350786359,0.126160322964059,0.338303989492569,0.248888888888889,15
1,-0.0138648614850592,0.0916240254163768,0.113593211128476,0.624791167084953,0.64,0
2,-0.0324175440341016,0.0874742232632062,0.121497857110598,0.377048120658314,0.802222222222222,0
3,-0.0114554196412065,0.080931485573125,0.122676037470081,0,0.78,0
4,-0.0114554196412065,0.080931485573125,0.122676037470081,0,0.78,0
1,5.76222288067916e-05,0.0949979106533892,0.118996596215385,0.514794130724209,0.604444444444444,0
2,-0.020824970265439,0.0848627150116564,0.11731004976568,0.442359018072727,0.662222222222222,0
3,-0.0235082832871558,0.0843596645266514,0.12300133226292,0.604399932774427,0.824444444444444,15
4,-0.0217014298638472,0.0848916135917172,0.125320906229907,0.26185103788477,0.751111111111111,14
1,0.0666896179097648,0.10063084229863,0.123848505608748,0.614191414395974,0.446666666666667,0
2,0.0218632568067111,0.0860293163230043,0.109671643206087,0.586903192527093,0.322222222222222,0
3,-0.0051923542416301,0.0789916572347719,0.118894657100877,0,0.791111111111111,0
4,-0.0051923542416301,0.0789916572347719,0.118894657100877,0,0.791111111111111,0
1,-0.0390471654790165,0.0876245806628944,0.112588867713358,0.656215728068258,0.744444444444444,0
2,-0.0247178148472381,0.0852640020678323,0.11621067649093,0.458629658549397,0.793333333333333,0
3,-0.0256919955748296,0.0878956794488472,0.12040206863521,0.551319973231834,0.782222222222222,15
4,-0.0231867047672019,0.0883524330662996,0.121869173701784,0.475480555545199,0.782222222222222,13
1,0.0113445919168746,0.0821313706071475,0.101679803044965,0.702635622606647,0.617777777777778,0
2,0.00208782279542095,0.0871790378827392,0.109412764093025,0.621593521721425,0.528888888888889,0
3,-0.0212893109878465,0.0867042906374951,0.12793223144558,0,0.742222222222222,0
4,-0.0212893109878465,0.0867042906374951,0.12793223144558,0,0.742222222222222,0
1,-0.0209892034854048,0.0762066917801889,0.0958801447574503,0.692398113873277,0.748888888888889,0
2,-0.0202514416463966,0.0868146902785775,0.118661942121283,0.41175196743681,0.755555555555556,0
3,-0.024044280653743,0.0894238521951187,0.122632564276322,0.625150585302372,0.762222222222222,14
4,-0.0205458132273114,0.0888394502390232,0.123438614936153,0.565294728142477,0.762222222222222,13
1,-0.025006054882556,0.0961392595914214,0.122469478194286,0.525815961482942,0.642222222222222,0
2,-0.0130122320942412,0.0718828495716926,0.10143983637047,0.782697907304413,0.708888888888889,0
3,-0.0099614580449054,0.0793083935140419,0.12115015971599,0,0.784444444444444,0
4,-0.0099614580449054,0.0793083935140419,0.12115015971599,0,0.784444444444444,0
1,0.00773203558852909,0.076635783545566,0.096212935516805,0.598757890735309,0.591111111111111,0
2,-0.00277341728772396,0.0790939693160853,0.108469353612568,0.360366395790429,0.462222222222222,0
3,-0.001266741890926,0.0818607897834493,0.11295292542373,0.525191328000327,0.233333333333333,15
4,-0.00111166385586848,0.0823951185088516,0.113664068192022,0.309692137170042,0.233333333333333,12
1,-0.00676790906017984,0.0932052154030561,0.116634458203702,0.58870286131938,0.64,0
2,-0.0272802231685307,0.0851881649233185,0.113057124019978,0.554685199791123,0.706666666666667,0
3,-0.0236310521629279,0.0852205778275762,0.125005535030213,0,0.724444444444444,0
4,-0.0236310521629279,0.0852205778275762,0.125005535030213,0,0.724444444444444,0
1,-0.0215197912086141,0.0800794208165614,0.102892149429292,0.728483939636842,0.702222222222222,0
2,-0.0356442501596993,0.0864249607833577,0.118076190330233,0.4971291365318,0.808888888888889,0
3,-0.0335303910339088,0.0892171473892017,0.122933268583749,0.70582585601415,0.751111111111111,14
4,-0.0354065107803379,0.091703355040369,0.125658307670696,0.532554690093187,0.751111111111111,14
1,-0.0121863103815544,0.0891771166845662,0.113245527259773,0.619326340496053,0.655555555555556,0
2,-0.0178742323276092,0.0868654644884169,0.115486899537326,0.631998099423508,0.686666666666667,0
3,-0.0230126068206584,0.0904421069790157,0.129384052317035,0,0.72,0
4,-0.0230126068206584,0.0904421069790157,0.129384052317035,0,0.72,0
1,-0.00557693500188513,0.088222349928467,0.113651258201622,0.683870968631633,0.653333333333333,0
2,-0.0229695504417407,0.0841762789994294,0.11898057761561,0.644701009890371,0.777777777777778,0
3,-0.0229501726168082,0.0863105701741268,0.12578924627283,0.854674722263756,0.917777777777778,15
4,-0.0236377722553508,0.0887322691944862,0.129204636702521,0.630431698968514,0.751111111111111,15
1,-0.016089730287992,0.0907416879420489,0.114475632290285,0.555324410931043,0.646666666666667,0
2,-0.0108777714985226,0.0884935208697699,0.11759543298385,0.343203384084023,0.508888888888889,0
3,-0.0200925754571237,0.0842083964425946,0.12410783680869,0,0.737777777777778,0
4,-0.0200925754571237,0.0842083964425946,0.12410783680869,0,0.737777777777778,0
1,0.0608598167221966,0.109822057487045,0.134932292495589,0.563997692971666,0.5,0
2,0.0229786068865081,0.100149421360696,0.125295419616866,0.162028674926963,0.277777777777778,0
3,0.0261385527940509,0.103747252428958,0.126448726993235,0.179797816029791,0.231111111111111,14
4,0.0223297499547705,0.102060661070146,0.126126864747813,0.109145400986217,0.231111111111111,15
1,-0.00206416514526254,0.0822239007830136,0.104516072375746,0.682725312472594,0.657777777777778,0
2,-0.042722707298702,0.0925741023452774,0.126334973134351,0.561836985634928,0.768888888888889,0
3,-0.0202117661330263,0.0905942185533414,0.131861876875665,0,0.737777777777778,0
4,-0.0202117661330263,0.0905942185533414,0.131861876875665,0,0.737777777777778,0
1,0.0268531747475323,0.0870606293434851,0.109131605608469,0.605482628758229,0.546666666666667,0
2,-0.0227918747495356,0.0821006843460646,0.11465626114742,0.483871294083209,0.768888888888889,0
3,-0.0276005696020533,0.0861826152417432,0.120483436029244,0.63884821948025,0.773333333333333,15
4,-0.0229445164654411,0.085427182833915,0.121479205798546,0.444294995939413,0.773333333333333,14
1,0.0303043114788011,0.0951652940485482,0.119331869050069,0.551271874421959,0.58,0
2,0.00704315034984266,0.0968245817625085,0.123148878829223,0.114225847818203,0.348888888888889,0
3,-0.0146985873848061,0.0873802163609776,0.124583008949972,0,0.737777777777778,0
4,-0.0146985873848061,0.0873802163609776,0.124583008949972,0,0.737777777777778,0
1,-0.000694772135500187,0.0882464542852991,0.113238650427479,0.609473387106622,0.644444444444444,0
2,-0.016998256797248,0.0811784963910748,0.11189388629314,0.709492066129363,0.775555555555556,0
3,-0.0147305334479598,0.0872020573792705,0.12370489371591,0.824368179526934,0.78,12
4,-0.0155920597940615,0.089079824755342,0.126200106309942,0.66093975652225,0.78,14
1,0.00434116380374849,0.091461666185965,0.112197562264478,0.625103758822818,0.637777777777778,0
2,0.00381310606135196,0.0931594622195045,0.119894217446781,0.56996722076088,0.415555555555556,0
3,-0.0118688862909462,0.0917570825281717,0.129185334076833,0,0.746666666666667,0
4,-0.0118688862909462,0.0917570825281717,0.129185334076833,0,0.746666666666667,0
1,-0.00784043796059263,0.0775543113926243,0.0962413483010415,0.672570897158206,0.633333333333333,0
2,-0.0155727085441221,0.0836317568785237,0.11002930386414,0.507883722005116,0.62,0
3,-0.0179666315508262,0.0808998753426273,0.117300771673205,0.612394678931314,0.617777777777778,15
4,-0.0162107851751785,0.0807594504312348,0.121380584193984,0.389161152910755,0.735555555555556,13
1,-0.00292113183235178,0.0881650059429081,0.109708913847287,0.572757046005779,0.655555555555556,0
2,-0.00101951930344241,0.0807405357756791,0.110435690730413,0.679743760550202,0.568888888888889,0
3,-0.00851134890896146,0.0831631547991673,0.122513348271429,0,0.773333333333333,0
4,-0.00851134890896146,0.0831631547991673,0.122513348271429,0,0.773333333333333,0
1,0.0129761721737973,0.0804506225362168,0.0988437496191642,0.673395650240459,0.575555555555556,0
2,-0.0167783024148748,0.0986187522242043,0.1294156218247,0.218226232576435,0.466666666666667,0
3,-0.0156084220364541,0.0991667988549096,0.131502031904931,0.0816673462956216,0.3,13
4,-0.0160063989630067,0.0991473701881979,0.131719836103198,0.00491048706576333,0.3,12
1,-0.00971872096360706,0.0850070896656824,0.106456057824551,0.576767827516066,0.648888888888889,0
2,-0.0296564454713613,0.0885597592805527,0.121415642191288,0.472588154378954,0.786666666666667,0
3,-0.0151028037021609,0.0869121602325757,0.126813480906069,0,0.751111111111111,0
4,-0.0151028037021609,0.0869121602325757,0.126813480906069,0,0.751111111111111,0
1,0.00343799978849488,0.0965703159447075,0.122260405857525,0.668094618669754,0.651111111111111,0
2,-0.00289991314487159,0.0868016692081953,0.111259525404904,0.647704085523866,0.606666666666667,0
3,-0.00284616467336438,0.0908246897153086,0.121045344203412,0.681310603630101,0.255555555555556,15
4,-0.00488558561806956,0.0938628453833549,0.126382746380193,0.549570880117313,0.255555555555556,14
1,0.0105011930786397,0.0877956554090858,0.109659370379836,0.576321812660306,0.622222222222222,0
2,-0.0117628258054925,0.084954744104386,0.114191707823156,0.612364020693005,0.688888888888889,0
3,-0.012917425402052,0.0884523100127088,0.129086409814263,0,0.762222222222222,0
4,-0.012917425402052,0.0884523100127088,0.129086409814263,0,0.762222222222222,0
1,0.0704411274769418,0.110503909014298,0.132490149782414,0.539229540366551,0.446666666666667,0
2,-0.0144374913235048,0.0888105101107038,0.118360738357484,0.458343193057509,0.6,0
3,-0.0101685834335142,0.0905620349215067,0.123897780757181,0.589433400508684,0.266666666666667,15
4,-0.0129697811111774,0.0907307484390535,0.125797792762914,0.57233573454551,0.266666666666667,13
1,0.0121909364635011,0.08624826846257,0.108478354728897,0.570667864802695,0.566666666666667,0
2,-0.0025287951446314,0.0849150963951294,0.119171910872324,0.294557847604703,0.442222222222222,0
3,-0.0114816294961976,0.0819280879589516,0.123742373580107,0,0.78,0
4,-0.0114816294961976,0.0819280879589516,0.123742373580107,0,0.78,0
1,0.0234787983915225,0.0792761310651156,0.0967035683028266,0.706695210126085,0.62,0
2,-0.0124840291612302,0.0972322948440108,0.125583844928772,0.322532536302586,0.56,0
3,-0.0122417206258306,0.0958602513749047,0.12875543448524,0.466048191097486,0.371111111111111,12
4,-0.0110602309202926,0.0974675477338728,0.13008824743136,0.363449984951341,0.284444444444444,14
1,-0.0177524455704969,0.116388981387299,0.145595258952653,0.460323897548761,0.62,0
2,-0.0254924766427044,0.078148998024129,0.104500347944363,0.715045260613045,0.724444444444444,0
3,-0.0229446291058831,0.0823736610875542,0.12568312790556,0,0.746666666666667,0
4,-0.0229446291058831,0.0823736610875542,0.12568312790556,0,0.746666666666667,0
1,-0.000721386785516499,0.0889999126180995,0.113841580610832,0.707049974179128,0.64,0
2,-0.0260425328333108,0.085813888384629,0.116231443210795,0.641817670591497,0.74,0
3,-0.0262872884154188,0.0882165956540309,0.127168645586026,0.856531108575288,0.871111111111111,13
4,-0.0282402498917749,0.0906517167006948,0.130977889207106,0.689253405296946,0.811111111111111,13
1,0.0212114564189997,0.0821011851830433,0.102085801931529,0.646430298760942,0.573333333333333,0
2,-0.0127430367079291,0.090610975339725,0.124138099526215,0.234431649590132,0.486666666666667,0
3,-0.0200677125076707,0.0878477971315693,0.127749834948048,0,0.735555555555556,0
4,-0.0200677125076707,0.0878477971315693,0.127749834948048,0,0.735555555555556,0
1,0.0352500702578832,0.0878439746982303,0.10961036638988,0.653827633769845,0.553333333333333,0
2,-0.0188894444052133,0.0747338988852535,0.101104478413417,0.758392240286146,0.775555555555556,0
3,-0.0187743238305045,0.078796457978699,0.116653312614869,0.868440071921059,0.866666666666667,15
4,-0.01831443890357,0.0823217983002707,0.122326645112376,0.632174045127456,0.771111111111111,10
1,-0.0238360028112624,0.114929017675588,0.140013131291929,0.448514282813169,0.631111111111111,0
2,-0.0381197175151345,0.0906379810763123,0.122462162285446,0.631598661541434,0.802222222222222,0
3,-0.0226326900230704,0.0946132664666101,0.135352217976438,0,0.728888888888889,0
4,-0.0226326900230704,0.0946132664666101,0.135352217976438,0,0.728888888888889,0
1,0.0257611754407937,0.106136217086334,0.132324792361144,0.621000849526685,0.582222222222222,0
2,0.0108104521055014,0.0898260648211161,0.111845336468136,0.508605729831729,0.357777777777778,0
3,0.00551836123429566,0.0931407067143766,0.11880253049995,0.55007867286813,0.255555555555556,13
4,0.00826196488810063,0.0964922634649011,0.121739503815382,0.324370628675646,0.255555555555556,14
1,-0.00607120830471076,0.0820978655890099,0.104092604807123,0.622873133775914,0.626666666666667,0
2,0.00218075981594303,0.0787023181783559,0.105146118706194,0.645373446228702,0.54,0
3,-0.00965658649711449,0.0782530768437596,0.120523537714369,0,0.791111111111111,0
4,-0.00965658649711449,0.0782530768437596,0.120523537714369,0,0.791111111111111,0
1,0.0136944692879326,0.0724000029490526,0.0877648038560285,0.773782293688413,0.611111111111111,0
2,-0.00647682130737261,0.0912139046154589,0.122320499722748,0.328282494906717,0.571111111111111,0
3,-0.00786553581295875,0.0892660671482171,0.125142901655581,0.490652486866017,0.511111111111111,14
4,-0.00768366653300872,0.0896832733133872,0.126026525442281,0.39172203775881,0.255555555555556,13
1,0.0456611288961486,0.0991480096652955,0.118987156090044,0.581171428253601,0.473333333333333,0
2,-0.00140031768345097,0.0909839281162578,0.11817345366992,0.625823517074177,0.522222222222222,0
3,-0.0183980508569717,0.0902412005553301,0.132331607716784,0,0.751111111111111,0
4,-0.0183980508569717,0.0902412005553301,0.132331607716784,0,0.751111111111111,0
1,0.00969520133100016,0.0775584167200067,0.0966097371169344,0.72024539844931,0.595555555555556,0
2,-0.0141907320942961,0.0895367396254341,0.12277416715085,0.370263519124753,0.455555555555556,0
3,-0.0143872405320853,0.0911680837622703,0.126629133362512,0.611654156508337,0.26,15
4,-0.0137804850643528,0.0926441271869499,0.12821116696072,0.399108706056512,0.26,15
1,0.0214986669782788,0.0877896696537522,0.109417778664536,0.610884381240133,0.553333333333333,0
2,-0.000886968505720436,0.0881572909248614,0.113652752790692,0.655733214498966,0.464444444444444,0
3,-0.0195107182237579,0.0880170657480605,0.127331536726167,0,0.733333333333333,0
4,-0.0195107182237579,0.0880170657480605,0.127331536726167,0,0.733333333333333,0
1,-0.015839608143952,0.0876235618178545,0.110853731719821,0.629909490911266,0.666666666666667,0
2,-0.030844474760516,0.0996223799012647,0.130673776250473,0.391734838857892,0.648888888888889,0
3,-0.0317775973235183,0.0989337534840365,0.13545791298755,0.546804016319851,0.777777777777778,15
4,-0.0305227647889737,0.0994984628190016,0.13664545656095,0.250498909645808,0.66,14
1,0.0710359608617094,0.104607611715771,0.129341105656659,0.584457960830057,0.457777777777778,0
2,0.0215445597649937,0.0981218926332264,0.119067413183323,0.506518432868855,0.273333333333333,0
3,-0.0174712146233216,0.0842582167032068,0.126500006106372,0,0.757777777777778,0
4,-0.0174712146233216,0.0842582167032068,0.126500006106372,0,0.757777777777778,0
1,-0.0493642839361993,0.110107261678347,0.135686599999802,0.52412513788135,0.673333333333333,0
2,-0.035157027718083,0.0885115287863324,0.121127838555861,0.48207980051421,0.735555555555556,0
3,-0.0382487727124492,0.0920931749868591,0.128930297371037,0.566404661608883,0.751111111111111,15
4,-0.0338957149737033,0.0912420134999768,0.129957936541654,0.548902105031423,0.751111111111111,15
1,-0.00165884552634471,0.0759765763939953,0.0962572408247304,0.728363436492146,0.657777777777778,0
2,-0.0135796583250567,0.0849915403503246,0.114055780446446,0.588753742240567,0.686666666666667,0
3,-0.0141921272507838,0.0871580467725837,0.125915773498087,0,0.748888888888889,0
4,-0.0141921272507838,0.0871580467725837,0.125915773498087,0,0.748888888888889,0
1,0.0328589334083729,0.0924636841171361,0.114779902201924,0.635774504257887,0.58,0
2,-0.0132364237642222,0.0830237963503085,0.115519251710808,0.558290431414221,0.537777777777778,0
3,-0.0161966618373408,0.0841893117924701,0.123191074466858,0.792653222677022,0.342222222222222,15
4,-0.0146641511910937,0.0872371863129199,0.126094040750654,0.607121298815494,0.246666666666667,13
1,0.0288188874051777,0.112859908270436,0.133041391732446,0.260310393841166,0.464444444444444,0
2,-0.00894516142374304,0.0982975986596506,0.128457028924066,0.324580529041642,0.482222222222222,0
3,-0.0190800354347198,0.0947443251588866,0.133155952985569,0,0.728888888888889,0
4,-0.0190800354347198,0.0947443251588866,0.133155952985569,0,0.728888888888889,0
1,0.00787855989482344,0.0898938709962922,0.111194479746435,0.608768504983751,0.6,0
2,-0.00643671625843413,0.0817561597334787,0.110463565572032,0.613081129504117,0.602222222222222,0
3,-0.00485221971823655,0.0846413112639547,0.117559242830157,0.775211695858805,0.308888888888889,14
4,-0.00601313581320834,0.0856782764152727,0.120047055454967,0.551677034466944,0.244444444444444,14
1,0.0295967605454222,0.0956632340156861,0.115842551587686,0.616017858716736,0.562222222222222,0
2,0.00406748921801034,0.0883632462129925,0.114924794964474,0.537395612895874,0.546666666666667,0
3,-0.00410861602213964,0.0877231400244926,0.126088123243026,0,0.782222222222222,0
4,-0.00410861602213964,0.0877231400244926,0.126088123243026,0,0.782222222222222,0
1,0.00516734975329054,0.0893177940991059,0.108809305568054,0.644187270344608,0.637777777777778,0
2,-0.0175665560693631,0.0823044530115433,0.113272676789209,0.657262068303887,0.755555555555556,0
3,-0.0167421196564801,0.0870198083811927,0.124922334102121,0.773367039044236,0.942222222222222,15
4,-0.0183907711095899,0.0891864616816596,0.128647557587466,0.613496451670145,0.791111111111111,13
1,0.0264480431243033,0.105943042939846,0.127711850961485,0.460057871390616,0.54,0
2,-0.00726878463653095,0.0928488095909277,0.123518026415213,0.593087831795694,0.528888888888889,0
3,-0.0185953916472984,0.0937749683636798,0.135113144434497,0,0.746666666666667,0
4,-0.0185953916472984,0.0937749683636798,0.135113144434497,0,0.746666666666667,0
1,0.0435545553489441,0.105661828043944,0.129152653289164,0.549487176138622,0.535555555555556,0
2,0.000802478368954181,0.0934474411622841,0.119222536488418,0.389357795601439,0.495555555555556,0
3,0.00321441110973793,0.096306462475906,0.123993812450436,0.51279846020822,0.257777777777778,15
4,0.00194690300796951,0.0969364402562102,0.125702093586566,0.508591798407336,0.257777777777778,14
1,-0.0297067109993603,0.0871220887515078,0.1094902269943,0.607599652083309,0.7,0
2,-0.0251423535578985,0.0904068570570704,0.126038773276891,0.330658387255188,0.664444444444444,0
3,-0.020906923708686,0.0880476449974689,0.129093336396976,0,0.74,0
4,-0.020906923708686,0.0880476449974689,0.129093336396976,0,0.74,0
1,-0.0250896949411516,0.0845213453446814,0.106951424836566,0.683631067073465,0.733333333333333,0
2,-0.0188065902164472,0.0927380357919967,0.124389300430484,0.293817951220097,0.502222222222222,0
3,-0.0184446759621432,0.0930498815561036,0.127605555152685,0.288050618955277,0.291111111111111,15
4,-0.0183850178489314,0.0933329229736142,0.127860022174218,0.26245860961863,0.291111111111111,12
1,0.00612416900759965,0.0827727406885157,0.103367325828986,0.680672317902548,0.635555555555556,0
2,-0.0306484975384943,0.0862904369271593,0.116191925408542,0.627709316087284,0.82,0
3,-0.0173864844177035,0.0853874927584592,0.123676576229902,0,0.733333333333333,0
4,-0.0173864844177035,0.0853874927584592,0.123676576229902,0,0.733333333333333,0
1,0.00858871656706396,0.0787589682695398,0.0983093305868988,0.622269443800371,0.626666666666667,0
2,-0.0192680465878328,0.0841223497036415,0.116590396649456,0.211487239209004,0.646666666666667,0
3,-0.0193923760459448,0.0835092154402429,0.118717102526689,0.269083984187402,0.764444444444444,14
4,-0.0188856493864023,0.0833907615593358,0.118953083744999,0.158844426114523,0.764444444444444,14
1,0.00702124977413161,0.0846700807668034,0.10390084529053,0.597992676318297,0.617777777777778,0
2,-0.0147756156247939,0.0764080028416827,0.104685056016722,0.760853801142908,0.78,0
3,-0.0115440253522436,0.0826823886555993,0.122052703054458,0,0.766666666666667,0
4,-0.0115440253522436,0.0826823886555993,0.122052703054458,0,0.766666666666667,0
1,0.00371820012791921,0.0825262411198217,0.103042756182346,0.710614550099212,0.628888888888889,0
2,-0.0100091601875068,0.0809868105263863,0.101771208518681,0.719662105319313,0.742222222222222,0
3,-0.00421498793569049,0.0850870586625853,0.114237485374273,0.675920509211345,0.708888888888889,14
4,-0.00990659605913562,0.0859121968643933,0.121892436264295,0.565865442247475,0.371111111111111,13
1,0.0206762833972462,0.104874288275293,0.129058533974394,0.464072653411257,0.555555555555556,0
2,-0.00413840380958611,0.0989694290096734,0.130638494909563,0.225181445892167,0.402222222222222,0
3,-0.0190325756519988,0.0924235019407537,0.134293503448091,0,0.744444444444444,0
4,-0.0190325756519988,0.0924235019407537,0.134293503448091,0,0.744444444444444,0
1,-0.000610543933266758,0.0851553253857877,0.10822947734793,0.649982335186604,0.611111111111111,0
2,-0.0308484627755435,0.0852237208233795,0.119797322066384,0.413696483950431,0.691111111111111,0
3,-0.0299797304312789,0.0860317102096652,0.124776764881548,0.376064096737906,0.753333333333333,14
4,-0.0303883756097512,0.0871818187919228,0.126046774023997,0.380922261227879,0.753333333333333,13
1,0.0286013701336758,0.0829317308917659,0.101239596346013,0.68376675870272,0.52,0
2,-0.0244413526033025,0.0825892030847524,0.118804147564685,0.391284308427532,0.662222222222222,0
3,-0.0195234113004091,0.0798565962365443,0.123027529250096,0,0.762222222222222,0
4,-0.0195234113004091,0.0798565962365443,0.123027529250096,0,0.762222222222222,0
1,0.00612918437130042,0.0941991594696915,0.117506293878677,0.559104442634227,0.591111111111111,0
2,-0.00802922353623831,0.09106729913805,0.123080516384242,0.111817725881515,0.468888888888889,0
3,-0.00616265551806084,0.0880881608391525,0.123957240927841,0.0506500231700157,0.24,13
4,-0.0101280935751808,0.0860347047263625,0.124113581476349,0.0577706005202464,0.262222222222222,13
1,-0.0225271305936353,0.09890640700556,0.125802826807171,0.635353047001042,0.66,0
2,-0.0155922852831829,0.0920108496241384,0.125742388386998,0.381844353326756,0.566666666666667,0
3,-0.0195972619771397,0.0901212839940783,0.133088004019263,0,0.753333333333333,0
4,-0.0195972619771397,0.0901212839940783,0.133088004019263,0,0.753333333333333,0
1,0.0139465603698693,0.0965131433224339,0.118224329243353,0.508304467013868,0.575555555555556,0
2,-0.00815521744693261,0.094853894669579,0.123525085285496,0.368537235481353,0.471111111111111,0
3,-0.00883570810928901,0.0963065543449173,0.128366852998497,0.422053665955457,0.277777777777778,12
4,-0.00848988155291595,0.0968775723921889,0.128859782334865,0.436922661685473,0.277777777777778,14
1,0.0177977927755725,0.0817724953543639,0.100149541119508,0.647267645485368,0.548888888888889,0
2,-0.0200177744563705,0.079245836990486,0.111505405643867,0.518176538995263,0.68,0
3,-0.0169764460895384,0.0785044789938716,0.119159102846322,0,0.757777777777778,0
4,-0.0169764460895384,0.0785044789938716,0.119159102846322,0,0.757777777777778,0
1,-0.00758007815031563,0.116828788477718,0.14662797185817,0.507248420356629,0.617777777777778,0
2,-0.00989015787827805,0.084865944048056,0.116008447682724,0.307851504925653,0.564444444444444,0
3,-0.00728500063408216,0.0819917359354188,0.119774883981733,0.276488340853498,0.282222222222222,13
4,-0.00787109050136459,0.0821246131566698,0.12041317072368,0.290736673974968,0.231111111111111,14
1,0.0555484441265288,0.106798102887126,0.130707166861709,0.603764709037686,0.486666666666667,0
2,0.0038390054782562,0.102503736452947,0.13220494611227,0.265783639195926,0.371111111111111,0
3,-0.0184489899220932,0.0941806026873597,0.1369627695066,0,0.751111111111111,0
4,-0.0184489899220932,0.0941806026873597,0.1369627695066,0,0.751111111111111,0
1,0.0305662517482221,0.0866617672285803,0.106161783021442,0.651292322069791,0.56,0
2,0.0084765439069116,0.0885980796205424,0.115038204457479,0.452649580310616,0.442222222222222,0
3,0.0104852945788457,0.0930436464664814,0.121734815692547,0.617121077426589,0.226666666666667,15
4,0.0105962243763029,0.0946245376378151,0.123741517931402,0.433522562405707,0.226666666666667,12
1,-0.0773546363498112,0.107976097801597,0.132753944849479,0.716674893970737,0.782222222222222,0
2,-0.0530810901609064,0.0811447833602452,0.109349368014866,0.76754832545049,0.857777777777778,0
3,-0.0184131822022751,0.0854223415024456,0.126098828186172,0,0.748888888888889,0
4,-0.0184131822022751,0.0854223415024456,0.126098828186172,0,0.748888888888889,0
1,-0.0345175520997388,0.100448917457019,0.125652293917712,0.575913872885366,0.68,0
2,-0.0339255766561179,0.0925204003725984,0.128209448134394,0.476313444586754,0.713333333333333,0
3,-0.0307326107750123,0.0943945640594171,0.133291036848865,0.673647996904553,0.746666666666667,14
4,-0.0330112125970925,0.0973472569033741,0.136070293526621,0.419357415424593,0.746666666666667,10
1,-0.0168712475139754,0.0767865661232109,0.0956989443365383,0.67431521048287,0.68,0
2,-0.0156539818673112,0.0749620579483164,0.103407310471442,0.731316137257341,0.693333333333333,0
3,-0.0144271043557766,0.0827239980592823,0.122646722740595,0,0.76,0
4,-0.0144271043557766,0.0827239980592823,0.122646722740595,0,0.76,0
1,-0.0163991179927484,0.0884974805823311,0.112052256860984,0.638467915975123,0.682222222222222,0
2,-0.0237200095593275,0.0891236719391602,0.119609567983777,0.615912482617365,0.666666666666667,0
3,-0.0265597655511737,0.0913039250445934,0.130649793126553,0.566656521020594,0.704444444444444,15
4,-0.0247704255495746,0.0910972745706533,0.133025750665385,0.650818591184298,0.515555555555556,15
1,0.0135689210878491,0.0908381518363731,0.112042096420457,0.461934053072415,0.526666666666667,0
2,-0.0177394190647511,0.0888574464732483,0.117510267281611,0.446533141322048,0.677777777777778,0
3,-0.0150067769775179,0.0866500631230308,0.124819420129962,0,0.74,0
4,-0.0150067769775179,0.0866500631230308,0.124819420129962,0,0.74,0
1,0.011247963030723,0.096128792244069,0.118910180466167,0.431018338428844,0.586666666666667,0
2,-0.00567090871841741,0.0845038800435728,0.114690735234207,0.154515656395027,0.555555555555556,0
3,-0.00234273898824643,0.0811279635065591,0.116281019850385,0.044956183003665,0.315555555555556,15
4,-0.00444800557931446,0.0800196475171435,0.11645047573305,0.055475593361418,0.24,15
1,-0.0365520799673617,0.0737966865750966,0.0993754151143424,0.753283049515643,0.713333333333333,0
2,-0.0262237651819439,0.0812864639456699,0.115851740818193,0.606477658790463,0.762222222222222,0
3,-0.0192224654253607,0.0822794706242849,0.125545725864084,0,0.76,0
4,-0.0192224654253607,0.0822794706242849,0.125545725864084,0,0.76,0
1,0.0181626884736791,0.0934793105444078,0.114910439592183,0.62085787671045,0.566666666666667,0
2,-0.00260823903456929,0.0898154119925929,0.116499811574038,0.661332045693108,0.468888888888889,0
3,0.00145975971183643,0.102175179358727,0.12858994359136,0.768328858685986,0.271111111111111,15
4,-0.00404995158440755,0.10362573036574,0.132966899498999,0.697920107990561,0.271111111111111,15
1,-0.010247924036359,0.0850716265384283,0.108475777216841,0.676909884411858,0.626666666666667,0
2,-0.00183010900005968,0.0859263575896887,0.117193234872519,0.673651690933345,0.531111111111111,0
3,-0.0177637000150927,0.0884343284084751,0.13472778361191,0,0.773333333333333,0
4,-0.0177637000150927,0.0884343284084751,0.13472778361191,0,0.773333333333333,0
1,-0.0130471525209727,0.0900149032303953,0.114000165766191,0.534370058035679,0.613333333333333,0
2,-0.0129662385067392,0.0936183882172468,0.126242925150505,0.254154691753898,0.546666666666667,0
3,-0.0141081402778199,0.09176388301918,0.129454749364515,0.449208983239584,0.335555555555556,15
4,-0.0130289107020068,0.092820696636824,0.130070737731005,0.17326198271274,0.257777777777778,14
1,-0.0543593439306568,0.107499574811698,0.135706016569769,0.670528447472982,0.753333333333333,0
2,-0.0426692714879129,0.088944477965221,0.119917088372815,0.683769610573026,0.813333333333333,0
3,-0.0218533035659906,0.092006058772506,0.131538325607584,0,0.722222222222222,0
4,-0.0218533035659906,0.092006058772506,0.131538325607584,0,0.722222222222222,0
1,-0.0274601685504467,0.0855596551683171,0.110475927465261,0.628378447076318,0.708888888888889,0
2,-0.0204964268435404,0.0802350783036797,0.107366743992936,0.723016937663733,0.791111111111111,0
3,-0.0244147072203734,0.0857563386798599,0.121108740631954,0.849322940526559,0.928888888888889,15
4,-0.0180693941601291,0.0879777668664735,0.126883962792729,0.622789925610183,0.771111111111111,12
1,-0.021977967294829,0.086160074418024,0.107212866808367,0.632304369497712,0.688888888888889,0
2,-0.017346200331569,0.081966735039602,0.114769896198403,0.483821235995372,0.762222222222222,0
3,-0.0101541865667356,0.0813102678858248,0.120837172149798,0,0.771111111111111,0
4,-0.0101541865667356,0.0813102678858248,0.120837172149798,0,0.771111111111111,0
1,-0.000584214612255091,0.0944700285492086,0.117912646941103,0.621759310399239,0.617777777777778,0
2,-0.0100209977006678,0.0905899865173707,0.120613359575256,0.503629398792952,0.633333333333333,0
3,-0.00488048537400823,0.0931610162209278,0.126780969284416,0.545733025772366,0.248888888888889,14
4,-0.00740339730492575,0.093261996888283,0.128758859494041,0.468532787905518,0.248888888888889,11
1,0.0330706282093712,0.100485300082072,0.125123350221136,0.431385269503538,0.508888888888889,0
2,0.00160779450868414,0.0825593998832325,0.112180670641226,0.436279231439498,0.566666666666667,0
3,-0.00454028445316761,0.0808888410893693,0.119516444118151,0,0.784444444444444,0
4,-0.00454028445316761,0.0808888410893693,0.119516444118151,0,0.784444444444444,0
1,0.0353430068477414,0.0897724228857747,0.110347883577238,0.580376197461795,0.506666666666667,0
2,0.00227496821242435,0.0861224127182776,0.113685103106086,0.583527124061824,0.46,0
3,0.00079539547829832,0.0892673293668434,0.12046660234182,0.697763008289732,0.242222222222222,15
4,0.00156831832676773,0.091675048530434,0.123198127820642,0.66111262519733,0.242222222222222,15
1,-0.0181143048055795,0.0952829363895726,0.12317521661206,0.485070086741504,0.622222222222222,0
2,-0.00927321199762033,0.0868895695635118,0.11590233165902,0.723324563722383,0.593333333333333,0
3,-0.0209665918318289,0.0914727127581181,0.132234591938816,0,0.735555555555556,0
4,-0.0209665918318289,0.0914727127581181,0.132234591938816,0,0.735555555555556,0
1,-0.0102492013092364,0.075603538659485,0.0952182720656467,0.746827132016952,0.711111111111111,0
2,-0.00135697111875413,0.0834238971023142,0.109310660414359,0.64625585097061,0.528888888888889,0
3,-0.00234008694965151,0.0878130979378298,0.117696601382059,0.81157758817767,0.257777777777778,13
4,-0.00232217812037327,0.0895980844034937,0.120239672600451,0.665265831298288,0.257777777777778,13
1,0.0852306184903329,0.112680677953928,0.136375454141656,0.684779762135468,0.442222222222222,0
2,0.0139250981602634,0.100682549932064,0.123211379276752,0.341856836336711,0.335555555555556,0
3,-0.0206590151938603,0.0898655944256414,0.129665840428758,0,0.731111111111111,0
4,-0.0206590151938603,0.0898655944256414,0.129665840428758,0,0.731111111111111,0
1,0.0263324551515649,0.113423407753084,0.140998353848611,0.556261302560931,0.591111111111111,0
2,-0.014410729787894,0.0832377430512708,0.113520927212933,0.525577198541854,0.604444444444444,0
3,-0.0152631198076389,0.0830292720134419,0.120672831174485,0.563427437522828,0.568888888888889,15
4,-0.0180822683167634,0.0823414220616851,0.124911596757198,0.472088364508554,0.768888888888889,15
1,-0.0201022164391837,0.0831121390895744,0.105047561738827,0.715494979698219,0.713333333333333,0
2,-0.0191297269580657,0.0910999873382763,0.115616459423055,0.649062494190291,0.684444444444444,0
3,-0.0302665599954346,0.0962924287063658,0.137175073862829,0,0.704444444444444,0
4,-0.0302665599954346,0.0962924287063658,0.137175073862829,0,0.704444444444444,0
1,0.0348591649922319,0.0844063232031934,0.103792961267108,0.689250196974547,0.517777777777778,0
2,-0.010057143919381,0.0892381946275671,0.120182666291421,0.367952156618907,0.557777777777778,0
3,-0.00784122886371168,0.0868674817644681,0.123109705478751,0.496127189623048,0.282222222222222,14
4,-0.0111854613222604,0.0867032619045367,0.125477522125526,0.444625085071248,0.246666666666667,15
1,0.029329151251599,0.080400049384915,0.0964520989029197,0.718834168416988,0.553333333333333,0
2,0.00761015916563045,0.0955868516283311,0.122739793554088,0.227545528097045,0.291111111111111,0
3,-0.0128030141804408,0.0868833049420547,0.125451228031105,0,0.753333333333333,0
4,-0.0128030141804408,0.0868833049420547,0.125451228031105,0,0.753333333333333,0
1,-0.0179898281703214,0.079973756051566,0.100382454496364,0.643297629170751,0.66,0
2,-0.0239710038024062,0.0822895007286179,0.113666273055633,0.588173773300021,0.653333333333333,0
3,-0.0234574183349835,0.0834431142289447,0.12258313288019,0.674294652787326,0.746666666666667,13
4,-0.0259498522861292,0.0855433557623642,0.125515529373495,0.577586855223084,0.744444444444444,14
1,0.0145829725123709,0.0886176821230914,0.109578800468597,0.583643345625109,0.582222222222222,0
2,0.00531398095141066,0.0972511537264165,0.120557660991105,0.403421055141043,0.302222222222222,0
3,-0.026037230066744,0.0877435895577118,0.128723187214952,0,0.724444444444444,0
4,-0.026037230066744,0.0877435895577118,0.128723187214952,0,0.724444444444444,0
1,-0.0223941141304349,0.0858314573249814,0.107524343382573,0.612375351884526,0.666666666666667,0
2,-0.0361669242341503,0.0899646903432044,0.123496502201046,0.421103896306379,0.708888888888889,0
3,-0.0382061811183745,0.09251225875594,0.12836146638131,0.566112547477056,0.737777777777778,15
4,-0.0372758566163732,0.0931356636160747,0.129500545247425,0.514105400775746,0.737777777777778,15
1,-0.0296910663188347,0.0819766626450891,0.106428763387119,0.701897469573384,0.731111111111111,0
2,-0.027174366121771,0.0833908274669089,0.113318614774176,0.699891088400043,0.78,0
3,-0.0168637800823428,0.0876624653743649,0.127809710797171,0,0.748888888888889,0
4,-0.0168637800823428,0.0876624653743649,0.127809710797171,0,0.748888888888889,0
1,-0.0185776769628831,0.106342575209436,0.130772636362832,0.557522937212551,0.66,0
2,-0.035501390305049,0.0996144199857589,0.130374130728313,0.568487651534232,0.786666666666667,0
3,-0.0302256560776335,0.10037236148549,0.138218995438036,0.698951563780091,0.811111111111111,15
4,-0.0324692529783034,0.102742135594962,0.141441461103122,0.650778428199917,0.735555555555556,13
1,0.0195119516669591,0.0894049993870322,0.107771298612283,0.616110401657733,0.533333333333333,0
2,-0.00491578864198035,0.087628044251079,0.116474592402023,0.609239095121385,0.548888888888889,0
3,-0.01952968150806,0.0876653823464806,0.131343403127416,0,0.76,0
4,-0.01952968150806,0.0876653823464806,0.131343403127416,0,0.76,0
1,-0.0123884404044341,0.0816194674204667,0.101913109651591,0.664809695720308,0.702222222222222,0
2,-0.0294226349738316,0.0794072484778813,0.110425801519411,0.771947944886808,0.826666666666667,0
3,-0.0279043262707842,0.0873981828666003,0.120882471717329,0.870611585288808,0.746666666666667,15
4,-0.0300678207217261,0.0930319358672592,0.126544517934848,0.705431532029837,0.746666666666667,15
1,0.00831556619695432,0.0866500499730321,0.110969526105463,0.517265821809715,0.568888888888889,0
2,-0.00580136015976245,0.0911998452269464,0.122584467979002,0.0994376314920059,0.366666666666667,0
3,-0.0211315007486979,0.0836047723822091,0.124930818446727,0,0.742222222222222,0
4,-0.0211315007486979,0.0836047723822091,0.124930818446727,0,0.742222222222222,0
1,0.0210131508125451,0.0868396724326052,0.108909036358479,0.602703090535505,0.571111111111111,0
2,-0.00548369634710735,0.0844143738042563,0.113529755165131,0.42506203863213,0.524444444444444,0
3,-0.00441183966000398,0.0848473297506597,0.120057584984595,0.36366145193847,0.228888888888889,13
4,-0.00426504326911202,0.0853679882727278,0.120606205947224,0.397418150918641,0.228888888888889,15
1,0.0344603140107757,0.0987899616738439,0.123142579681842,0.596798504355234,0.56,0
2,-0.0104193350591925,0.0924573048323692,0.120770960556613,0.507281673082986,0.591111111111111,0
3,-0.0221892874048038,0.0933991543009882,0.133297743073165,0,0.724444444444444,0
4,-0.0221892874048038,0.0933991543009882,0.133297743073165,0,0.724444444444444,0
1,0.0182368951848137,0.0979362274347688,0.12789478636022,0.499795694713634,0.577777777777778,0
2,-0.0151482193442415,0.0790725727712453,0.109836262489664,0.629012360878987,0.713333333333333,0
3,-0.0189379039710855,0.0818465774235204,0.117953099728644,0.841475952168353,0.915555555555556,14
4,-0.0145692465568791,0.0825157577690831,0.121135713466398,0.566646705456857,0.726666666666667,11
1,-0.00460159971511678,0.0813629945397757,0.104795231587908,0.61784895714876,0.635555555555556,0
2,-0.018407912458158,0.0811748583527562,0.112925732774307,0.557800187281937,0.753333333333333,0
3,-0.0125837932759741,0.0808191382558707,0.122251203128674,0,0.773333333333333,0
4,-0.0125837932759741,0.0808191382558707,0.122251203128674,0,0.773333333333333,0
1,0.00595369547769625,0.0868533942329171,0.107768154647674,0.640260614641897,0.62,0
2,-0.00330995986816683,0.0857756707233444,0.114973833282378,0.505135925541929,0.591111111111111,0
3,0.00140912006708179,0.0876807425405277,0.123462829553845,0.57172258262004,0.408888888888889,15
4,-0.00190143559389126,0.0869359272303448,0.125826885758389,0.488399243895611,0.286666666666667,15
1,0.0192167654969119,0.102478804541306,0.129738858328565,0.445490921086329,0.528888888888889,0
2,0.00476106475052451,0.0944056284776469,0.123965042376608,0.287433033101581,0.331111111111111,0
3,-0.015497854869216,0.0867810859415969,0.128560244187013,0,0.76,0
4,-0.015497854869216,0.0867810859415969,0.128560244187013,0,0.76,0
1,-0.0174277883197266,0.0789281025743132,0.0981408862661803,0.740730806477007,0.66,0
2,-0.0363801517643038,0.0819626940660318,0.112904455793644,0.749763654534614,0.84,0
3,-0.0326002358903742,0.09027797508224,0.127607885252143,0.815098018498169,0.766666666666667,12
4,-0.0352012748088053,0.0934991524444127,0.131630273275877,0.753379617694641,0.766666666666667,15
1,0.00224826133408332,0.098836027120335,0.121212583738555,0.423216285358663,0.566666666666667,0
2,-0.00608370313840958,0.0894607165868388,0.121815987942031,0.431191397852593,0.5,0
3,-0.0153245992762656,0.0857393959579616,0.129924472218497,0,0.777777777777778,0
4,-0.0153245992762656,0.0857393959579616,0.129924472218497,0,0.777777777777778,0
1,-0.0226549988540888,0.0855607911120121,0.106576606017452,0.734644550657721,0.684444444444444,0
2,-0.0267595548076579,0.0843055401020625,0.115660254887445,0.747927386732965,0.771111111111111,0
3,-0.0294426660509304,0.0908812280594172,0.128596646183033,0.841195787419122,0.933333333333333,15
4,-0.0279178195352714,0.0941550832179249,0.133393759932523,0.630952102668136,0.728888888888889,15
1,0.0233952427678081,0.0828221313147345,0.103290673120357,0.670289278931307,0.566666666666667,0
2,-0.0185080099642114,0.0850274122336903,0.113027388624251,0.623794745875376,0.731111111111111,0
3,-0.00803652657752005,0.0883737770216244,0.126775115916571,0,0.764444444444444,0
4,-0.00803652657752005,0.0883737770216244,0.126775115916571,0,0.764444444444444,0
1,-0.0059928074814714,0.0771473804160143,0.0987196402939255,0.666675692222139,0.633333333333333,0
2,-0.0191270176588613,0.0851746150355876,0.114489630417758,0.503011291901793,0.733333333333333,0
3,-0.0190905559001091,0.0837090315241523,0.119909600908591,0.597374732078804,0.768888888888889,11
4,-0.0186497298591436,0.0859451444506606,0.124017080697614,0.541428301921931,0.773333333333333,13
1,-0.0159502600675391,0.0908901833195522,0.113803212092378,0.649484141701019,0.666666666666667,0
2,-0.0172690244178633,0.0800278288118765,0.110692180209652,0.678407515452827,0.691111111111111,0
3,-0.0171829355280866,0.0869440990619862,0.130102301841515,0,0.76,0
4,-0.0171829355280866,0.0869440990619862,0.130102301841515,0,0.76,0
1,0.0168134961041676,0.0942562317412919,0.113169126048305,0.542232771300294,0.542222222222222,0
2,-0.0170096110434549,0.0896668168182875,0.124373213921757,0.341894317604001,0.611111111111111,0
3,-0.0142537881955559,0.086494917268059,0.12651046688251,0.482457240580861,0.653333333333333,15
4,-0.0169917475169442,0.0865656634401773,0.128390567614667,0.451398843947841,0.762222222222222,14
1,-0.019289808373156,0.101125172962267,0.12416634505054,0.617687707081595,0.66,0
2,-0.0444863850108725,0.084492739404003,0.109565574089736,0.751485608609868,0.777777777777778,0
3,-0.0258721634438897,0.0934023592230271,0.135847456754408,0,0.728888888888889,0
4,-0.0258721634438897,0.0934023592230271,0.135847456754408,0,0.728888888888889,0
1,-0.0718620132248608,0.113864486252094,0.143818012011909,0.683129630976445,0.793333333333333,0
2,-0.0357719094719569,0.0832279685482811,0.108331639195907,0.799726778173224,0.931111111111111,0
3,-0.0277919992121078,0.0916721980192172,0.120616962682655,0.895470362715213,0.768888888888889,14
4,-0.0303608355106955,0.0974385839195368,0.128571471575493,0.71907828390918,0.768888888888889,13
1,-0.0435120386839746,0.079977579825398,0.105255562061816,0.669005434759908,0.733333333333333,0
2,-0.0275039475051825,0.0881973939811202,0.124281890110861,0.172657112268432,0.717777777777778,0
3,-0.0124928947384295,0.0810415935052229,0.12388083009247,0,0.782222222222222,0
4,-0.0124928947384295,0.0810415935052229,0.12388083009247,0,0.782222222222222,0
1,0.00294354341705007,0.081671262300468,0.101351544058443,0.685734814180996,0.608888888888889,0
2,-0.0125598649652816,0.0811575050809813,0.110475456534832,0.749912338594508,0.728888888888889,0
3,-0.00840036153861404,0.0861955684856489,0.12145863455202,0.842556564160469,0.426666666666667,14
4,-0.0115897672335205,0.0874596650889017,0.125377499755989,0.732957837677074,0.404444444444444,15
1,0.00126304100793739,0.0769770158044405,0.0936280279696429,0.715528482385043,0.64,0
2,-0.0104056822466411,0.0778544521807538,0.108744237550745,0.713008255658556,0.668888888888889,0
3,-0.0143028894236717,0.0825571067101388,0.1234947200865,0,0.76,0
4,-0.0143028894236717,0.0825571067101388,0.1234947200865,0,0.76,0
1,0.00456069433430615,0.089875419764775,0.110383747626588,0.55499730559853,0.608888888888889,0
2,0.0072254429226392,0.0972423685357492,0.126756574754288,0.185777926040302,0.335555555555556,0
3,0.00444413527928272,0.0968278948874279,0.12854221734732,0.159072103090475,0.235555555555556,13
4,0.00624211459170169,0.0979722016834355,0.128923444081018,0.141332742971336,0.235555555555556,14
1,0.0451832896245265,0.087373743558143,0.103894145132099,0.715815612310913,0.511111111111111,0
2,0.011657973852452,0.0814487603157817,0.102347686517982,0.710687905537601,0.493333333333333,0
3,-0.0112275850224411,0.0815359383442296,0.119956086016176,0,0.76,0
4,-0.0112275850224411,0.0815359383442296,0.119956086016176,0,0.76,0
1,0.0523593407478479,0.0989843005099604,0.121583055488547,0.600170626721542,0.491111111111111,0
2,0.010570978912862,0.0910400191021396,0.116339019775349,0.548371031403779,0.375555555555556,0
3,0.0120103524363406,0.0962806227327112,0.123549454827491,0.57578889947736,0.231111111111111,15
4,0.0103375478023111,0.0968422962001561,0.125524354803384,0.439840365040513,0.231111111111111,14
1,0.0119063501771883,0.0781685929074059,0.0955228877202424,0.727568757568276,0.597777777777778,0
2,-0.0207919193974851,0.087071865749374,0.121624260898658,0.47548592099529,0.671111111111111,0
3,-0.0201659126940372,0.0868006647787841,0.130108791916415,0,0.755555555555556,0
4,-0.0201659126940372,0.0868006647787841,0.130108791916415,0,0.755555555555556,0
1,-0.0142562469257902,0.078859280696179,0.0983055677662797,0.676497604466113,0.633333333333333,0
2,-0.00538997076575722,0.0803996619890642,0.110519615082277,0.644849904472238,0.557777777777778,0
3,-0.00579171695191243,0.0839887972216515,0.118338355187206,0.815457773733469,0.233333333333333,15
4,-0.00598182661183735,0.085722593224272,0.120947522424995,0.736692418874649,0.233333333333333,13
1,0.012648582546859,0.0804928275207732,0.0997149180498553,0.676434941549653,0.611111111111111,0
2,-0.0192971369997244,0.0807435990118653,0.104433812391673,0.637657336176316,0.651111111111111,0
3,-0.0175565251123491,0.0837677172613617,0.122054551136934,0,0.74,0
4,-0.0175565251123491,0.0837677172613617,0.122054551136934,0,0.74,0
1,-0.010734190900438,0.0775503362601205,0.0969974945338151,0.689804147883309,0.677777777777778,0
2,-0.0149999411375414,0.0795564762660728,0.111808259316799,0.606712159187316,0.713333333333333,0
3,-0.0179934131539615,0.0831494166150135,0.120195345127057,0.792970476095686,0.775555555555556,13
4,-0.0146826337142387,0.0836882312633181,0.12282822963344,0.539539982481178,0.775555555555556,10
1,-0.00936044796457338,0.0783433435789415,0.0986800702042488,0.629362730872581,0.62,0
2,-0.0144996174027514,0.0851706230175979,0.114429486459096,0.536702736167571,0.626666666666667,0
3,-0.0154605596611835,0.0854593847228588,0.125268179055493,0,0.753333333333333,0
4,-0.0154605596611835,0.0854593847228588,0.125268179055493,0,0.753333333333333,0
1,0.0206683200455048,0.0913593307971979,0.113513220503781,0.580646169906944,0.584444444444444,0
2,-0.0232210064688946,0.0805177134127286,0.110682096823453,0.526736919974867,0.697777777777778,0
3,-0.0223554151366755,0.0837425144342228,0.120511237583748,0.601202119205617,0.751111111111111,14
4,-0.0235248916700957,0.0847873632844712,0.121357247808588,0.35947040774664,0.751111111111111,14
1,0.0294811813145897,0.0845590863312763,0.0995345430373247,0.709551535787556,0.533333333333333,0
2,-0.00483615496018211,0.0855166930903885,0.111031799009397,0.725568822602769,0.524444444444444,0
3,-0.0220872921741647,0.0899491553213014,0.13079105593105,0,0.733333333333333,0
4,-0.0220872921741647,0.0899491553213014,0.13079105593105,0,0.733333333333333,0
1,-0.0178178569280917,0.0937247733414865,0.119054733873766,0.560364335857612,0.66,0
2,0.00515584397776404,0.0898651056058875,0.118228708078879,0.246867052741209,0.382222222222222,0
3,0.0048588840152942,0.0895772089874997,0.119503182096193,0.404585252705941,0.233333333333333,15
4,0.00497903525024585,0.0902227114933287,0.120404708217098,0.424663470825272,0.233333333333333,15
1,-0.0172009983751398,0.0865058888586967,0.110109629523741,0.51002975613164,0.633333333333333,0
2,-0.0188579381331376,0.0862466002107902,0.110515864730834,0.627838322323286,0.72,0
3,-0.020109520468519,0.087458660998964,0.125239836313301,0,0.722222222222222,0
4,-0.020109520468519,0.087458660998964,0.125239836313301,0,0.722222222222222,0
1,0.0110128768026106,0.103097633705852,0.12383420046104,0.563650060644662,0.577777777777778,0
2,-0.00631375380160989,0.0803992809256033,0.112079840036607,0.57268157676744,0.575555555555556,0
3,-0.00032698913369772,0.0854833415122988,0.120653554233345,0.588012242655447,0.217777777777778,15
4,-0.0070555857308294,0.0837666168634524,0.123178087302461,0.449353614236188,0.297777777777778,13
1,-0.000314145452937468,0.0928979691189267,0.115434905335663,0.487949078696617,0.577777777777778,0
2,-0.0261128976175456,0.086075398984086,0.112636865716227,0.663023239599552,0.768888888888889,0
3,-0.0139326439068309,0.0901661651140729,0.12948923050621,0,0.751111111111111,0
4,-0.0139326439068309,0.0901661651140729,0.12948923050621,0,0.751111111111111,0
1,0.0166455108213523,0.0786781294126732,0.0951786862714052,0.691694077093614,0.584444444444444,0
2,-0.00467901625932104,0.0827625080431622,0.112915688630106,0.568880156423185,0.548888888888889,0
3,-0.00417297746446089,0.0843388924604411,0.118836478267247,0.808048375364599,0.242222222222222,13
4,-0.00450467364115186,0.0861686348006879,0.121564523276569,0.591082616705204,0.231111111111111,15
1,0.0238149827749471,0.10059280007493,0.123460601026699,0.469213101255344,0.515555555555556,0
2,-0.00876385315259454,0.0833859809319156,0.113131365772606,0.628584950814513,0.491111111111111,0
3,-0.0205410701855842,0.0836853755157536,0.125500136402463,0,0.746666666666667,0
4,-0.0205410701855842,0.0836853755157536,0.125500136402463,0,0.746666666666667,0
1,-0.000538055435237833,0.0780231147490173,0.094847264382788,0.708026127784535,0.626666666666667,0
2,-0.0228113118980173,0.0720430977703504,0.101274526415026,0.779673757584758,0.831111111111111,0
3,-0.0201949312466593,0.079655593009886,0.115622994640068,0.884319487195717,0.784444444444444,15
4,-0.0221648382750469,0.0835291954434471,0.119567402879806,0.720677081768737,0.784444444444444,13
1,0.0352110591803327,0.0931810063019472,0.110385647719086,0.616849693385775,0.484444444444444,0
2,0.00182543147661122,0.0936522766140721,0.117823913015756,0.595931574243534,0.402222222222222,0
3,-0.0248962435672857,0.0910374948058484,0.13219528808773,0,0.724444444444444,0
4,-0.0248962435672857,0.0910374948058484,0.13219528808773,0,0.724444444444444,0
1,0.0328818761134801,0.091494608804573,0.112487283758871,0.609897251030635,0.548888888888889,0
2,0.00360023920518958,0.0977445390599215,0.127069441641354,0.106059455485606,0.382222222222222,0
3,0.00165240054696991,0.09708898550878,0.127959835165581,0.103861043416816,0.246666666666667,15
4,0.00192435111251079,0.0974017805695785,0.128158454192934,0.0432326701073994,0.246666666666667,15
1,0.0695825918534764,0.1108682990494,0.13634306916348,0.607302879105154,0.464444444444444,0
2,0.0125591672027839,0.0926166520900089,0.1197432334396,0.238620028186665,0.297777777777778,0
3,-0.011473626417423,0.0813330532002544,0.122905625927761,0,0.777777777777778,0
4,-0.011473626417423,0.0813330532002544,0.122905625927761,0,0.777777777777778,0
1,-0.00149046181735326,0.0926877068306261,0.116262392169043,0.440652853390953,0.593333333333333,0
2,-0.0168138150864936,0.0821241351344748,0.116245667794575,0.61510602856074,0.631111111111111,0
3,-0.0191158042565697,0.0827691941000761,0.122848387892945,0.777569793341478,0.711111111111111,13
4,-0.0159786931008885,0.0851295708201257,0.125483113047244,0.595919320531731,0.246666666666667,12
1,0.0116576426248326,0.0810277898641634,0.103486435965062,0.671584150630542,0.626666666666667,0
2,0.00798127645834905,0.0868314771975742,0.114143791203967,0.656349271376408,0.402222222222222,0
3,-0.012550166529991,0.0845910641925541,0.127216099596443,0,0.777777777777778,0
4,-0.012550166529991,0.0845910641925541,0.127216099596443,0,0.777777777777778,0
1,-0.0299552803356453,0.0874310105907152,0.11148249930801,0.55118398572563,0.662222222222222,0
2,-0.0407779872032618,0.0938982198353237,0.12633949211395,0.476300500294714,0.757777777777778,0
3,-0.043210706985219,0.0968403768948882,0.131720239498041,0.56608388079995,0.731111111111111,14
4,-0.0423647924917102,0.098157527980632,0.133856248050358,0.474107688223009,0.731111111111111,11
1,0.0720977457827195,0.108285110748381,0.128600456416393,0.61192415612899,0.4,0
2,0.00837810694081821,0.0978081696324881,0.124733349934658,0.37795181784769,0.366666666666667,0
3,-0.0145487203906155,0.0892550803934707,0.130783180105336,0,0.757777777777778,0
4,-0.0145487203906155,0.0892550803934707,0.130783180105336,0,0.757777777777778,0
1,-0.0102836236748528,0.079988818029611,0.102783652409471,0.700262260189281,0.662222222222222,0
2,-0.026058805963548,0.0868192670128285,0.119941165717377,0.635223106940633,0.786666666666667,0
3,-0.0278485794454135,0.0902007519131159,0.128324714370597,0.788802285457002,0.748888888888889,13
4,-0.0261201564846348,0.091764891705426,0.131673611706103,0.595205772652653,0.748888888888889,13
1,-0.0205229183524212,0.0889880461354792,0.114894128442628,0.612428858843636,0.666666666666667,0
2,-0.0421694861990932,0.101993054780902,0.138440547120902,0.241671790315116,0.688888888888889,0
3,-0.0267976537889714,0.0965528502183239,0.138038439977883,0,0.715555555555556,0
4,-0.0267976537889714,0.0965528502183239,0.138038439977883,0,0.715555555555556,0
1,-0.000868838585772538,0.0841076816935285,0.105073074810814,0.656480440037695,0.653333333333333,0
2,-0.0116540390848187,0.0874218054955686,0.120657797310901,0.499761755498817,0.62,0
3,-0.0127774879324494,0.0879259294979178,0.125829296072316,0.746513913469017,0.408888888888889,12
4,-0.0108187479596722,0.0903406039545736,0.127422316319845,0.594354659586156,0.251111111111111,12
1,-0.0162677423279765,0.0939986860642384,0.117158581646958,0.566881826681596,0.664444444444444,0
2,-0.022854690970311,0.0893496650931904,0.121191120028628,0.663490148398437,0.717777777777778,0
3,-0.025237102809496,0.0949716600741597,0.136586130156462,0,0.722222222222222,0
4,-0.025237102809496,0.0949716600741597,0.136586130156462,0,0.722222222222222,0
1,0.0131141627569289,0.0864517282352888,0.105664438816602,0.584182483452314,0.6,0
2,-0.0161085815085403,0.0860297222864898,0.114414953584016,0.640064918513201,0.704444444444444,0
3,-0.0146954054515968,0.0889615546991274,0.124586169976232,0.634184937451439,0.611111111111111,14
4,-0.0178051601441938,0.0892151393730475,0.128238449876291,0.578866794857005,0.464444444444444,14
1,0.0150135811082184,0.11424737791364,0.140101920413171,0.415612400199244,0.562222222222222,0
2,-0.0128254485695597,0.0890210319601188,0.123177025763457,0.258986908271291,0.555555555555556,0
3,-0.0140255727847535,0.0856097417928732,0.126459595249915,0,0.762222222222222,0
4,-0.0140255727847535,0.0856097417928732,0.126459595249915,0,0.762222222222222,0
1,0.0382740582264082,0.0863459434838679,0.107285509605678,0.674055000015709,0.537777777777778,0
2,-0.0220026340562365,0.0852816626995102,0.110652981301288,0.594301980107477,0.731111111111111,0
3,-0.0148948467278469,0.0858331339012412,0.118843971386109,0.632834431737489,0.713333333333333,15
4,-0.0187641546576924,0.0864788519377067,0.123786459841966,0.626634222021322,0.757777777777778,12
1,0.0134896683228174,0.0958543272273105,0.116551085761242,0.579096249856292,0.582222222222222,0
2,-0.000673885932841873,0.0885700019972156,0.118441322121014,0.438934339141012,0.46,0
3,-0.0151534845697673,0.0848522542931266,0.127053361581689,0,0.768888888888889,0
4,-0.0151534845697673,0.0848522542931266,0.127053361581689,0,0.768888888888889,0
1,0.0210036719622372,0.0818588780389626,0.101216857133182,0.672645124364927,0.6,0
2,-0.000678011988168341,0.0855786079368838,0.113349916827516,0.582455933210254,0.484444444444444,0
3,-7.97815167383175e-05,0.0912212506560394,0.122060847344136,0.670906761411501,0.244444444444444,13
4,-0.00126029290136468,0.0915954493902197,0.123573896556192,0.623641513806401,0.244444444444444,14
1,-0.0160635211980584,0.105371793752273,0.132579515863742,0.537844125792906,0.666666666666667,0
2,-0.0270373774255022,0.0850259275144058,0.116223382084413,0.531650413184181,0.684444444444444,0
3,-0.0198069820171866,0.0845451236413259,0.125843758202948,0,0.748888888888889,0
4,-0.0198069820171866,0.0845451236413259,0.125843758202948,0,0.748888888888889,0
1,0.0118387988998818,0.101695589905116,0.124941091245964,0.4467298567205,0.586666666666667,0
2,-0.00418153466308317,0.103719939893266,0.136547297249208,-0.11064816338986,0.337777777777778,0
3,-0.00252463352292625,0.101406184760442,0.13437575058739,-0.0185584095695089,0.251111111111111,12
4,-0.0053422442971573,0.100055973438655,0.134450745806658,-0.0579883899576243,0.251111111111111,13
1,0.000683395670528563,0.0891472228719959,0.11077296613832,0.741218683107995,0.662222222222222,0
2,-0.0165875870384724,0.101835742260186,0.131536342475399,0.465505255977081,0.553333333333333,0
3,-0.0278607609829876,0.101930970920374,0.141557988997176,0,0.695555555555556,0
4,-0.0278607609829876,0.101930970920374,0.141557988997176,0,0.695555555555556,0
1,-0.00902938000871302,0.0732789242255658,0.0951324917249374,0.69705748912819,0.653333333333333,0
2,-0.01575505756073,0.08420402169356,0.113274346410093,0.600223134958388,0.702222222222222,0
3,-0.00740555078790311,0.0884827969596659,0.121797057944599,0.660540516402292,0.253333333333333,15
4,-0.0158208911897679,0.0873723189760634,0.125957520185097,0.51093283144436,0.397777777777778,14
1,-0.0389212939674153,0.0927413888437063,0.118549637517194,0.594175722671003,0.713333333333333,0
2,-0.0314205519669449,0.0874192850810644,0.119199806207346,0.636978704920681,0.822222222222222,0
3,-0.0206788098822365,0.0882911243901689,0.129682086880567,0,0.74,0
4,-0.0206788098822365,0.0882911243901689,0.129682086880567,0,0.74,0
1,0.0182923788714902,0.0950337313808961,0.114306501873499,0.576411694881938,0.568888888888889,0
2,-0.0237133765527891,0.0983571866622641,0.132531811578916,0.179840612741608,0.542222222222222,0
3,-0.0262204717567583,0.0931354294190317,0.133363526904556,0.383349753181584,0.671111111111111,15
4,-0.0230391555633583,0.0929880063706042,0.133658325480489,0.30765500735441,0.431111111111111,13
1,0.0271642258507857,0.121048555016381,0.148366606389659,0.165823922009796,0.46,0
2,-0.0077029276685807,0.094016156362865,0.12589866754402,0.271731030452935,0.513333333333333,0
3,-0.013111188515339,0.0890615440107185,0.130031893108014,0,0.76,0
4,-0.013111188515339,0.0890615440107185,0.130031893108014,0,0.76,0
1,-0.0241671444919261,0.0843270652178597,0.106916640156613,0.720947354050757,0.695555555555556,0
2,-0.0294435179497566,0.0887014225615163,0.122391209268227,0.659477178443078,0.795555555555556,0
3,-0.0294559085913968,0.0938212156531522,0.131363489035808,0.828735591680518,0.728888888888889,13
4,-0.0304339135743861,0.0962867269720239,0.134490525954082,0.615012236485664,0.728888888888889,13
1,0.0413306655625933,0.0904266522651497,0.108666292835087,0.573602240039016,0.42,0
2,-0.00324777483807681,0.090342134274213,0.121908232137896,0.113187778119666,0.426666666666667,0
3,-0.0159407296310902,0.0809128700902669,0.121589763739837,0,0.757777777777778,0
4,-0.0159407296310902,0.0809128700902669,0.121589763739837,0,0.757777777777778,0
1,-0.00911511536777854,0.0868443058548647,0.105768541000752,0.705504621597686,0.677777777777778,0
2,-0.0227743969530984,0.0918826668877045,0.122054842257633,0.586996821245095,0.715555555555556,0
3,-0.0255315806039697,0.0942503320236439,0.12979780212479,0.668411682969534,0.795555555555556,13
4,-0.0235206738075519,0.0954232131035363,0.132377544463809,0.523500236404368,0.717777777777778,12
1,-0.00804750720246463,0.0692063031667841,0.0875361919665124,0.65025260751573,0.624444444444444,0
2,-0.0260184227288268,0.0757531633732603,0.107965588428933,0.527576623760729,0.746666666666667,0
3,-0.0181797204647581,0.073773372490866,0.114746961426623,0,0.76,0
4,-0.0181797204647581,0.073773372490866,0.114746961426623,0,0.76,0
1,0.000389481303340595,0.0773134623802581,0.0977710304756747,0.659290813698506,0.611111111111111,0
2,-0.00135675508020879,0.0847098108776041,0.115488721874724,0.528994064642054,0.442222222222222,0
3,-0.00335879933940628,0.0866504402952075,0.120866892464434,0.731594840439833,0.228888888888889,15
4,-0.000955174226863823,0.0889599941946625,0.122686749055471,0.602509519875186,0.228888888888889,12
1,-0.00106539395638086,0.0769290699870556,0.0963546881872526,0.762625582495166,0.66,0
2,-0.0214249802221463,0.0957908964645719,0.128465043998161,0.323701654675703,0.611111111111111,0
3,-0.0221813712818403,0.0936303520550774,0.133497116607612,0,0.724444444444444,0
4,-0.0221813712818403,0.0936303520550774,0.133497116607612,0,0.724444444444444,0
1,-0.00114272309372386,0.0874216343988206,0.111519519648269,0.563953325523365,0.626666666666667,0
2,-0.0167405129594898,0.0920497290374311,0.12386422068427,0.266557620916027,0.555555555555556,0
3,-0.017939183834218,0.0908098370242686,0.126637551317591,0.287573222473677,0.366666666666667,14
4,-0.0172611290849295,0.0915282127675406,0.12703538614208,0.239293793350363,0.282222222222222,14
1,-0.0395928060854031,0.0909047759407936,0.114484008994894,0.688863735898291,0.757777777777778,0
2,-0.0150098133309361,0.0729727339072667,0.100469482452309,0.781504072961276,0.744444444444444,0
3,-0.0152794818133229,0.0824638295490412,0.120953720308924,0,0.744444444444444,0
4,-0.0152794818133229,0.0824638295490412,0.120953720308924,0,0.744444444444444,0
1,-0.0354397047251973,0.0827385990968014,0.106607091932473,0.71030428951728,0.68,0
2,-0.02695638004361,0.085304651506279,0.117636915926979,0.579514668184937,0.753333333333333,0
3,-0.0270039977224148,0.0884656021901882,0.126429809514863,0.808221876134112,0.757777777777778,14
4,-0.0266295185577605,0.0900777763103206,0.12928566523103,0.65349878044687,0.757777777777778,14
1,-0.0326857366558891,0.0867820074703978,0.111602495892958,0.652014890998627,0.715555555555556,0
2,-0.0486175497548219,0.0969877662453563,0.130026116105697,0.575849521087275,0.786666666666667,0
3,-0.0213817480264665,0.0902294741147781,0.132066704733928,0,0.742222222222222,0
4,-0.0213817480264665,0.0902294741147781,0.132066704733928,0,0.742222222222222,0
1,0.0579628602670782,0.106184928539647,0.126398189690949,0.530126609738674,0.433333333333333,0
2,-0.0197568651074812,0.0895762570912778,0.126060026908339,0.193741092361947,0.571111111111111,0
3,-0.0189164306829987,0.0863419121538622,0.127410059100516,0.217367107846087,0.468888888888889,14
4,-0.0203341541960875,0.0854736884035394,0.128138665625083,0.246725277100535,0.433333333333333,15
1,0.0295357942748813,0.0882135854331397,0.10591318936175,0.680736524511599,0.544444444444444,0
2,-0.0202561270457206,0.084083329142051,0.114272641076554,0.73952675013483,0.74,0
3,-0.0201768710951114,0.0913024619212611,0.131005484139758,0,0.733333333333333,0
4,-0.0201768710951114,0.0913024619212611,0.131005484139758,0,0.733333333333333,0
1,0.0513651985052817,0.099924741798881,0.119058627618018,0.578043019222292,0.455555555555556,0
2,0.0142577006188647,0.0970596983648423,0.122623193276566,0.388251357207642,0.3,0
3,0.0183583681729494,0.102409512409873,0.126806011971685,0.583584309375327,0.231111111111111,12
4,0.0144061260514648,0.101374038712381,0.127822192520542,0.515351335153193,0.231111111111111,15
1,-0.0162476950684807,0.0787922782831992,0.101423549587935,0.67243126200954,0.657777777777778,0
2,-0.0279554811801208,0.0832025389370306,0.11273693723927,0.710117715800849,0.82,0
3,-0.021599369194665,0.0889686394403129,0.128412213476916,0,0.722222222222222,0
4,-0.021599369194665,0.0889686394403129,0.128412213476916,0,0.722222222222222,0
1,0.0588349348565205,0.10019227017304,0.122630942783192,0.601256367916392,0.455555555555556,0
2,0.012354584813293,0.100013840762159,0.120651572880892,0.567162207230683,0.308888888888889,0
3,0.00896434315865994,0.104190668584242,0.127014477989429,0.728497407091629,0.277777777777778,13
4,0.0121965741423813,0.108131909855146,0.130477662877082,0.538476667741714,0.277777777777778,14
1,-0.0104898336232053,0.0918581340125183,0.115210222506265,0.550719247795863,0.631111111111111,0
2,0.000749199662134151,0.0827902451450562,0.111049899993083,0.520586712065271,0.551111111111111,0
3,-0.00512591747402122,0.0813560102337932,0.120508463498143,0,0.786666666666667,0
4,-0.00512591747402122,0.0813560102337932,0.120508463498143,0,0.786666666666667,0
1,-0.0358317616466334,0.111393572795342,0.139852137706968,0.556305291386348,0.697777777777778,0
2,-0.0182365130613976,0.0750387393378614,0.104966768088322,0.761238565949362,0.648888888888889,0
3,-0.0221394751603169,0.0803991075328449,0.119895163202663,0.780601947286735,0.706666666666667,15
4,-0.0197038220693811,0.083703235926346,0.124378187655216,0.675892792490508,0.375555555555556,14
1,-0.0239282884127436,0.0980532301049357,0.122055024410973,0.597424769638797,0.693333333333333,0
2,-0.0183055954862818,0.0879163169361571,0.120887015103041,0.473990419284405,0.7,0
3,-0.0100175000444339,0.0866490703778086,0.127757621477155,0,0.775555555555556,0
4,-0.0100175000444339,0.0866490703778086,0.127757621477155,0,0.775555555555556,0
1,-0.00392191228790301,0.0885146274624178,0.112646190459313,0.489616252749399,0.624444444444444,0
2,-0.00976148561617392,0.0829546460741759,0.116048953685545,0.266514567082945,0.553333333333333,0
3,-0.0104789643815886,0.0798999370298446,0.118962799300253,0.237382327214906,0.397777777777778,14
4,-0.0110915708425321,0.0795668135380594,0.119239611267073,0.221478852735006,0.351111111111111,11
1,0.0571830539274205,0.105285709768623,0.129979312509151,0.492466989487608,0.475555555555556,0
2,0.0191874079337077,0.0904072774567844,0.115421673221198,0.382348265338547,0.322222222222222,0
3,-0.00455101690147711,0.0802308617432701,0.119566804244839,0,0.791111111111111,0
4,-0.00455101690147711,0.0802308617432701,0.119566804244839,0,0.791111111111111,0
1,-0.0257329970701333,0.0861812844569854,0.110725705251215,0.558507262309898,0.666666666666667,0
2,-0.0236984342836744,0.0896456643498039,0.121617329758078,0.364765116140074,0.697777777777778,0
3,-0.0231681038681554,0.0901190309876066,0.12510463707028,0.570611522890129,0.771111111111111,14
4,-0.0243767724279273,0.0922655400799963,0.127304511643229,0.407546261135315,0.771111111111111,14
1,0.0106219039735306,0.0711560226016332,0.0883955301609422,0.734579206729721,0.571111111111111,0
2,-0.00715514878154994,0.0787223735632336,0.10970040626664,0.65616526116728,0.706666666666667,0
3,-0.00707378286306606,0.0811340989583293,0.122137193106771,0,0.786666666666667,0
4,-0.00707378286306606,0.0811340989583293,0.122137193106771,0,0.786666666666667,0
1,-0.00351645454746704,0.077178017351888,0.0964607370435371,0.653606978955957,0.624444444444444,0
2,-0.0137808367656238,0.0849633239235335,0.116757274348755,0.429530871580697,0.526666666666667,0
3,-0.0142968336772305,0.0852460645542539,0.121799521170383,0.478792007953113,0.293333333333333,15
4,-0.0140072267639948,0.0860582481108793,0.122686898116369,0.430634796029063,0.257777777777778,13
1,0.0134702441196774,0.0842393823237872,0.105568979817198,0.60692711154419,0.608888888888889,0
2,-0.000891135924820265,0.0757015675516494,0.105678183729327,0.676108447349363,0.622222222222222,0
3,-0.00414308508714219,0.0787139511153183,0.119947474528538,0,0.802222222222222,0
4,-0.00414308508714219,0.0787139511153183,0.119947474528538,0,0.802222222222222,0
1,0.0161830859008366,0.093508608877833,0.114134133049809,0.731109647595976,0.588888888888889,0
2,-0.0124528223297795,0.0886924962454117,0.11874941514506,0.551432413781307,0.615555555555556,0
3,-0.0103052334055953,0.0913126866433486,0.127282558965893,0.549444550836502,0.446666666666667,13
4,-0.0107740926880892,0.0918756835137589,0.12882589041413,0.508761916987449,0.315555555555556,15
1,0.0106144615979862,0.0826347170852066,0.100573141129314,0.707116584923759,0.637777777777778,0
2,-0.0343713162058867,0.091422425551417,0.124225348886372,0.632057396400017,0.826666666666667,0
3,-0.0175037083293224,0.0911977585433745,0.131564598082573,0,0.746666666666667,0
4,-0.0175037083293224,0.0911977585433745,0.131564598082573,0,0.746666666666667,0
1,0.00115098543898877,0.0798214237927873,0.0999411752046749,0.686619419143226,0.62,0
2,-0.0192390687543007,0.0709616836122203,0.101083025614059,0.799633751352653,0.804444444444444,0
3,-0.0170969017723377,0.0794510051989245,0.116417382322836,0.870440711686139,0.775555555555556,14
4,-0.0181155638057963,0.0828074627247381,0.120052557014303,0.701083097524159,0.775555555555556,15
1,0.0600797987531461,0.106484341084212,0.128958565307764,0.427027567717257,0.413333333333333,0
2,-0.00960281353684851,0.0900983274088015,0.120323369154809,0.245597171520299,0.426666666666667,0
3,-0.0214629473257026,0.0850315184278109,0.124858196698618,0,0.733333333333333,0
4,-0.0214629473257026,0.0850315184278109,0.124858196698618,0,0.733333333333333,0
1,-0.00746916430086981,0.0997344181119536,0.123204953286254,0.431652900626718,0.624444444444444,0
2,-0.0169811415723823,0.0917311572434987,0.124952506037679,0.273651901386038,0.648888888888889,0
3,-0.0139478105852583,0.0909138645382585,0.12737849906754,0.404759951538166,0.782222222222222,13
4,-0.0163840800276664,0.0924459469665581,0.128430850674658,0.12899274102564,0.762222222222222,14
1,0.00348701723076855,0.0913414814692357,0.113547811906533,0.574156037926931,0.617777777777778,0
2,-0.0113135176384245,0.0931591952360928,0.122711020401784,0.60649001042053,0.677777777777778,0
3,-0.0121084621183193,0.097094308075269,0.135281015129006,0,0.744444444444444,0
4,-0.0121084621183193,0.097094308075269,0.135281015129006,0,0.744444444444444,0
1,-0.00330138702132168,0.0868623606415543,0.109398883720442,0.533317551192416,0.597777777777778,0
2,-0.016111255495176,0.0849898507108082,0.11461009622717,0.605698186342747,0.726666666666667,0
3,-0.0185588292967365,0.0853239813565375,0.122337471210194,0.605631542095596,0.751111111111111,13
4,-0.014144428206891,0.0849574160431808,0.126268524991927,0.604535853939711,0.762222222222222,13
1,0.0232441522251414,0.106062306008766,0.129969757587667,0.462695672321585,0.522222222222222,0
2,-0.0132471222026573,0.0903405897205075,0.124830487641162,0.47480381132988,0.555555555555556,0
3,-0.0182622667447478,0.0894538247837189,0.133109260674126,0,0.76,0
4,-0.0182622667447478,0.0894538247837189,0.133109260674126,0,0.76,0
1,0.0492660070377304,0.101961321658091,0.122671440662269,0.6431442404106,0.511111111111111,0
2,0.011272919933739,0.0945997472682172,0.120313662324898,0.545173590336838,0.3,0
3,0.0113925505216573,0.100952861262853,0.127593389935347,0.5592229183038,0.237777777777778,15
4,0.0134254769622792,0.102971602332435,0.129203107976431,0.405628849461337,0.237777777777778,10
1,-0.0263001779178665,0.0919443057067876,0.117012868570951,0.655306064086522,0.695555555555556,0
2,-0.0334573445718173,0.0844339324698636,0.11447272290202,0.733061019482358,0.833333333333333,0
3,-0.0142222605515274,0.0858764204820947,0.124223809319858,0,0.746666666666667,0
4,-0.0142222605515274,0.0858764204820947,0.124223809319858,0,0.746666666666667,0
1,0.0207900049164254,0.0941093470461688,0.11801099599024,0.652775616642223,0.595555555555556,0
2,0.00129773540900934,0.0887049569536687,0.118330958242785,0.465268485570016,0.413333333333333,0
3,0.000531923870969223,0.0934075478277983,0.124277520551053,0.690034253287031,0.248888888888889,15
4,0.00224174295936667,0.0964889458684198,0.126779611800612,0.565621359889642,0.248888888888889,13
1,0.0575984465459045,0.108073212277133,0.13206338519046,0.540501957024748,0.46,0
2,-0.00649737365564473,0.0948750745941951,0.123445277322577,0.51309548856235,0.375555555555556,0
3,-0.0325613626342901,0.0899861814363025,0.136214761163691,0,0.731111111111111,0
4,-0.0325613626342901,0.0899861814363025,0.136214761163691,0,0.731111111111111,0
1,0.0196150310780371,0.0857973779048241,0.103627964472026,0.650089864678074,0.58,0
2,0.00213228050462446,0.089793313729015,0.116971344541293,0.603104022954966,0.448888888888889,0
3,0.00277112829046891,0.0955159393204177,0.124805641956449,0.641525265430623,0.248888888888889,13
4,0.00288090606319381,0.0969861756354861,0.126646437620855,0.620026023315319,0.248888888888889,13
1,0.0326352029677473,0.0887963906805127,0.109146853907711,0.713656462507209,0.548888888888889,0
2,-0.0175306319180653,0.0824753927212325,0.113097699429016,0.722903049268171,0.593333333333333,0
3,-0.0298789670148249,0.0888306710459028,0.132637219945974,0,0.724444444444444,0
4,-0.0298789670148249,0.0888306710459028,0.132637219945974,0,0.724444444444444,0
1,0.0168110745186724,0.0805986648184352,0.10010821185583,0.694257909506411,0.544444444444444,0
2,-0.0042740726505115,0.0958895439504714,0.128123254530582,0.111985067276021,0.348888888888889,0
3,-0.00627028312787979,0.0952653038991767,0.128408199369115,0.211455996013283,0.262222222222222,14
4,-0.00341414564544293,0.0970649620954661,0.128740513708368,0.190977655724851,0.262222222222222,11
1,-0.0254721675681673,0.0728793826078025,0.095501441259783,0.737810573463493,0.704444444444444,0
2,-0.026660220827852,0.0899057584438521,0.123209484031457,0.399504939131969,0.693333333333333,0
3,-0.0149586681183209,0.0876865870907883,0.128421809122061,0,0.76,0
4,-0.0149586681183209,0.0876865870907883,0.128421809122061,0,0.76,0
1,0.00935633846034792,0.0803215068460834,0.100206416456599,0.646629912623467,0.617777777777778,0
2,0.00422409905175998,0.0801071902371541,0.104634731138056,0.583752759059959,0.608888888888889,0
3,0.00883805985584132,0.0821832952426163,0.113943814696475,0.587036014515089,0.2,15
4,0.00408457833880317,0.0821034420769532,0.117803138331402,0.464167459858574,0.2,9
1,-0.018233533997219,0.0857413610738144,0.108312764394664,0.643537180820235,0.693333333333333,0
2,-0.0147902306043619,0.0927888372556775,0.123284813029556,0.158444510582287,0.571111111111111,0
3,-0.0134318555119525,0.0886088284791073,0.124963134986798,0,0.735555555555556,0
4,-0.0134318555119525,0.0886088284791073,0.124963134986798,0,0.735555555555556,0
1,-0.043794749305583,0.103112786494732,0.129805566365774,0.539722652964966,0.691111111111111,0
2,-0.0239335006992678,0.0956175019938172,0.127147256978901,0.42773811273429,0.593333333333333,0
3,-0.0231481196869215,0.0943355226381875,0.131809020393653,0.564600855397732,0.326666666666667,15
4,-0.0236366436458245,0.0965861932485806,0.134763392596576,0.447184709576483,0.286666666666667,15
1,0.0116597739377429,0.0831985854124438,0.104936951429246,0.702678786659622,0.613333333333333,0
2,-0.0269525624635633,0.0764079976911198,0.110362080500834,0.702705061559388,0.788888888888889,0
3,-0.019704335938707,0.0795078774879783,0.122842414931574,0,0.76,0
4,-0.019704335938707,0.0795078774879783,0.122842414931574,0,0.76,0
1,0.0840700091298718,0.107405064248576,0.132068029486519,0.595989406759001,0.411111111111111,0
2,0.0139775948683741,0.0850362518476717,0.104355765971454,0.79393655589271,0.375555555555556,0
3,0.0120536674010346,0.0942867358871438,0.116476188861703,0.86151589567834,0.264444444444444,15
4,0.0124438607534859,0.0979751600270295,0.121138422306059,0.744793842524827,0.264444444444444,14
1,-0.00297731373612972,0.0837058041260688,0.105823442494157,0.615710403548708,0.584444444444444,0
2,-0.00832247588805027,0.0836996009127946,0.115082199757647,0.526592240532834,0.553333333333333,0
3,-0.014341593794527,0.0828417311104268,0.124924007652111,0,0.773333333333333,0
4,-0.014341593794527,0.0828417311104268,0.124924007652111,0,0.773333333333333,0
1,-0.0483679144290291,0.0940540353612238,0.121096144017,0.695770270463376,0.751111111111111,0
2,-0.0440339937972575,0.090057118979081,0.121788347409157,0.632956619284659,0.771111111111111,0
3,-0.0431566052350209,0.0987187003138732,0.134073049403619,0.661318614117952,0.753333333333333,14
4,-0.0457254018907796,0.104245215231702,0.140160989255489,0.501202819965407,0.753333333333333,13
1,-0.00826141623142164,0.102173594757355,0.126288684868123,0.670392542214567,0.675555555555556,0
2,-0.0104963365215335,0.0849626089250937,0.114933278645369,0.495360966655803,0.511111111111111,0
3,-0.0194480206101302,0.0843827775460404,0.124506462644728,0,0.74,0
4,-0.0194480206101302,0.0843827775460404,0.124506462644728,0,0.74,0
1,0.00943262745096052,0.0909579831080939,0.110823395411239,0.61896250703523,0.577777777777778,0
2,-0.0263467544984113,0.0830183303826517,0.115874840312146,0.676146231090164,0.828888888888889,0
3,-0.0219956529338767,0.0854418170747357,0.122625655260655,0.808490912571969,0.764444444444444,14
4,-0.0256154121110014,0.0891994357061547,0.126084903270226,0.745522553319622,0.764444444444444,15
1,0.0232979257382676,0.0910366155375253,0.114491182776135,0.670830098950886,0.588888888888889,0
2,-0.00244868015451805,0.0954063126767045,0.125525416867798,0.358314921437016,0.395555555555556,0
3,-0.01850751458279,0.091294741243103,0.131589244409797,0,0.737777777777778,0
4,-0.01850751458279,0.091294741243103,0.131589244409797,0,0.737777777777778,0
1,0.00253448443169811,0.0894796992446311,0.115068857813178,0.518760563013327,0.604444444444444,0
2,-0.00574330425180105,0.0858193375877538,0.111065228631152,0.537705462344921,0.608888888888889,0
3,-0.00770102389551261,0.0867777392542442,0.119402729754708,0.599961099984289,0.253333333333333,15
4,-0.00313785248572628,0.0920763700192432,0.123075299836601,0.504024086867371,0.253333333333333,14
1,-0.0303002283211271,0.0954011999759395,0.122381028966243,0.728209188728925,0.708888888888889,0
2,-0.0337476745977534,0.0968666425825406,0.131976931225038,0.47982059261652,0.777777777777778,0
3,-0.0238651897339886,0.0956225904548503,0.138576340479689,0,0.737777777777778,0
4,-0.0238651897339886,0.0956225904548503,0.138576340479689,0,0.737777777777778,0
1,0.0234998411618554,0.0876279466961466,0.107798690928533,0.651272191867193,0.54,0
2,-0.0172659602307867,0.0810631636698666,0.11397144991894,0.58352839416273,0.662222222222222,0
3,-0.0140798397856742,0.0819212299216346,0.12232803395658,0.65938683007324,0.548888888888889,15
4,-0.0204290286565032,0.0832461952148285,0.12562122124789,0.495243515343705,0.782222222222222,15
1,-0.00680642185823683,0.0949412591488066,0.117739861493162,0.721585821857593,0.695555555555556,0
2,-0.00522561077845057,0.0853684649983712,0.113285453480219,0.602016411834141,0.571111111111111,0
3,-0.0135816653422714,0.0878913761057404,0.128437259834992,0,0.757777777777778,0
4,-0.0135816653422714,0.0878913761057404,0.128437259834992,0,0.757777777777778,0
1,0.0187067954692211,0.0839159338960469,0.102185628597896,0.662718353062114,0.584444444444444,0
2,0.00421046778514179,0.0838986997732956,0.109677191485128,0.640062103774161,0.404444444444444,0
3,0.0044916881877611,0.0898016622363094,0.118638219194506,0.806810925644868,0.24,13
4,0.00257404254051511,0.0899261903129635,0.1199432063451,0.66988765922495,0.24,15
1,-0.019075990739107,0.085161215539805,0.105890708638118,0.570087826408794,0.688888888888889,0
2,-0.00328886917841051,0.0925156762613388,0.121954751919319,0.23666949709154,0.531111111111111,0
3,-0.00907434614060421,0.0890473770272722,0.1254968696991,0,0.751111111111111,0
4,-0.00907434614060421,0.0890473770272722,0.1254968696991,0,0.751111111111111,0
1,0.0054442316327256,0.0797482695487968,0.0961255626088602,0.723521700042043,0.593333333333333,0
2,-0.0303559241932747,0.0878473641490835,0.122360081470094,0.61845087596624,0.724444444444444,0
3,-0.0319597250397371,0.0885173359013785,0.129612238336625,0.795245327757508,0.855555555555556,15
4,-0.0321568887479737,0.0900007333969781,0.133152259977887,0.604834110974185,0.742222222222222,13
1,0.0388537662127356,0.099903847566789,0.121331287951093,0.577071168292209,0.515555555555556,0
2,-0.0019894697592045,0.0899685172088244,0.120361444982085,0.476337089121887,0.424444444444444,0
3,-0.0156059942684474,0.087071543112458,0.127874581072064,0,0.755555555555556,0
4,-0.0156059942684474,0.087071543112458,0.127874581072064,0,0.755555555555556,0
1,-0.0352484129708071,0.0825040970701594,0.104658044953134,0.734684591557588,0.746666666666667,0
2,-0.0209859583177817,0.0856595227330512,0.116705185918786,0.622014242854343,0.784444444444444,0
3,-0.0204870249331204,0.0910856399794522,0.125228120704117,0.828981112022904,0.764444444444444,14
4,-0.0220738804637443,0.0927528143804286,0.127297850727503,0.640019185627299,0.764444444444444,14
1,-0.0304543962961139,0.0878946637236278,0.111879518252371,0.611032957868668,0.697777777777778,0
2,-0.0179635184631129,0.0903686057043093,0.12227171450711,0.254141029858114,0.635555555555556,0
3,-0.0108458196513172,0.0858147361194695,0.124894315492386,0,0.764444444444444,0
4,-0.0108458196513172,0.0858147361194695,0.124894315492386,0,0.764444444444444,0
1,0.0230758477091748,0.0995305714097729,0.121490204924936,0.598976101158353,0.586666666666667,0
2,-0.0140733216455275,0.0980626330520479,0.128748626635127,0.388929480446233,0.462222222222222,0
3,-0.0111065290254201,0.101793562034965,0.133829339586116,0.406853013237868,0.282222222222222,13
4,-0.015269765672268,0.101141566492172,0.135585321267517,0.263648177920068,0.282222222222222,15
1,0.0118579408125327,0.0808492705396406,0.102326546767041,0.614444126622223,0.566666666666667,0
2,-0.016357142111672,0.0899681084824633,0.121657926119286,0.218597138070409,0.542222222222222,0
3,-0.0197403390358784,0.0857901211949595,0.124840187317342,0,0.731111111111111,0
4,-0.0197403390358784,0.0857901211949595,0.124840187317342,0,0.731111111111111,0
1,0.029926507070652,0.0786433648368799,0.0949146340174894,0.747084423702827,0.526666666666667,0
2,-0.00941155098367607,0.0907693453661799,0.121032101165854,0.484601203739814,0.471111111111111,0
3,-0.00910981906330409,0.0949842658602752,0.127256493762772,0.651744542661924,0.271111111111111,14
4,-0.00975862162828779,0.0954894827116999,0.128275286170891,0.431053052076688,0.271111111111111,15
1,-0.0800662640782471,0.112748421420161,0.141495116255081,0.656595581354792,0.782222222222222,0
2,-0.0418832847330983,0.0836330617806015,0.114464371783422,0.780924116985497,0.873333333333333,0
3,-0.0230800990280439,0.0895761318814231,0.132154593199875,0,0.742222222222222,0
4,-0.0230800990280439,0.0895761318814231,0.132154593199875,0,0.742222222222222,0
1,-0.000608086418338974,0.0796704382088227,0.0979335711721565,0.694326099144749,0.633333333333333,0
2,-0.0189650502020378,0.0890537233477973,0.120929009070367,0.517867486142475,0.688888888888889,0
3,-0.0187523744428456,0.0885859653171095,0.126399343681391,0.694097665930864,0.786666666666667,15
4,-0.0198206914081888,0.0907952376289796,0.129438576549041,0.610233378907979,0.746666666666667,15
1,0.0180646729867886,0.0838844158249209,0.102700580948165,0.640103760365108,0.593333333333333,0
2,-0.0138853337925316,0.0878557590987496,0.118805882536969,0.570100045678703,0.597777777777778,0
3,-0.022157852049978,0.0892253094475098,0.130218693892406,0,0.733333333333333,0
4,-0.022157852049978,0.0892253094475098,0.130218693892406,0,0.733333333333333,0
1,-0.0158098397222995,0.0968074902174534,0.122344659490667,0.610125038836248,0.686666666666667,0
2,-0.0120699664931698,0.0877502100610711,0.113104956767629,0.681682165108888,0.582222222222222,0
3,-0.00877853009492996,0.100428411420914,0.128459275959965,0.731626213973428,0.293333333333333,14
4,-0.013756535736282,0.102045007549556,0.132999295888496,0.66737434099721,0.293333333333333,15
1,0.0470238120057781,0.0931121098236767,0.115065508984991,0.631742139919433,0.5,0
2,-0.00739502753299174,0.0757682214318495,0.0952889833362101,0.819324690937447,0.733333333333333,0
3,-0.02398681635618,0.0929412259601501,0.132968852366317,0,0.722222222222222,0
4,-0.02398681635618,0.0929412259601501,0.132968852366317,0,0.722222222222222,0
1,0.00835964185213806,0.0798983766297531,0.0968127531588178,0.689896920383475,0.6,0
2,0.00545336519591831,0.0921766490679935,0.121248246635527,0.331445415215631,0.391111111111111,0
3,0.00530648782429215,0.0942136292118421,0.124850032682224,0.430690248034605,0.233333333333333,13
4,0.00673820536251488,0.0955047849041453,0.125542472898705,0.313395345945125,0.233333333333333,15
1,0.0741042797877406,0.105821766515068,0.128247814880306,0.682299811171184,0.473333333333333,0
2,0.0360122088383832,0.100708159383682,0.122120094005075,0.429904171092472,0.235555555555556,0
3,-0.00298992249112335,0.0843538834427502,0.124024004782477,0,0.793333333333333,0
4,-0.00298992249112335,0.0843538834427502,0.124024004782477,0,0.793333333333333,0
1,0.0265353610132118,0.0828314460738896,0.101775783045365,0.751400520437251,0.584444444444444,0
2,0.00230866371501794,0.0935996245999921,0.120079390355755,0.375840725456618,0.426666666666667,0
3,0.000577178480958779,0.0952140418143445,0.124046481251323,0.702909575870345,0.26,15
4,0.00113110287379466,0.0967238430169184,0.125863591727954,0.537470906365343,0.26,11
1,-0.000397190943997145,0.0852756960723289,0.105288640724307,0.743945186532269,0.66,0
2,-0.0229690980323275,0.0915152992877443,0.121784228423404,0.710123389308824,0.751111111111111,0
3,-0.0223737704460088,0.0972072940648376,0.135927825229027,0,0.717777777777778,0
4,-0.0223737704460088,0.0972072940648376,0.135927825229027,0,0.717777777777778,0
1,0.0347809295158974,0.0805655150309842,0.0983140635232106,0.749737535669481,0.562222222222222,0
2,-0.0108262671396174,0.0821016182114344,0.113025930933399,0.526898382943884,0.655555555555556,0
3,-0.0118081765037252,0.0841310503193119,0.119898057387091,0.792503979765967,0.762222222222222,14
4,-0.0112460722922232,0.0849972072267177,0.121129139904962,0.473445612771345,0.762222222222222,15
1,0.00818176959926739,0.0806240229110382,0.100212462514341,0.714616111775021,0.622222222222222,0
2,-0.0177096457700841,0.0862120260294659,0.118741275814033,0.579543950695567,0.693333333333333,0
3,-0.0168209018743239,0.0877649212753255,0.129096774760176,0,0.751111111111111,0
4,-0.0168209018743239,0.0877649212753255,0.129096774760176,0,0.751111111111111,0
1,0.0112822370592284,0.0904421765100778,0.111668446154822,0.668653006018825,0.577777777777778,0
2,-0.0145010560389288,0.076502745581487,0.102120062862163,0.808079593239846,0.66,0
3,-0.0153843801086789,0.0892145941540321,0.124957393769036,0.857452002290759,0.517777777777778,13
4,-0.0153333213651555,0.0931979679712072,0.130248208140719,0.831875300050006,0.306666666666667,15
1,0.0464184016643872,0.10875729106109,0.140378931729474,0.611670734079162,0.586666666666667,0
2,0.0161883017582253,0.0987617920749553,0.121460735495612,0.394750988211721,0.304444444444444,0
3,-0.0164364212453744,0.0882081309982716,0.128220237814378,0,0.748888888888889,0
4,-0.0164364212453744,0.0882081309982716,0.128220237814378,0,0.748888888888889,0
1,0.0315057620769301,0.0907548493579594,0.112057615724765,0.591301714847293,0.537777777777778,0
2,-0.0131694935180265,0.0764877348571899,0.10280565151788,0.621770823301624,0.695555555555556,0
3,-0.0103237428334094,0.0781857296841331,0.112150757399053,0.694073784823927,0.684444444444444,13
4,-0.0144750761071568,0.078539559480143,0.117786414051648,0.574407289903493,0.775555555555556,8
1,0.0166974608810204,0.0957666724071671,0.117774694183994,0.528698783459142,0.582222222222222,0
2,-0.0124568243537441,0.0857839734020867,0.11650503763821,0.382487255246282,0.633333333333333,0
3,-0.0129684497520794,0.0822594295462083,0.122492155642869,0,0.764444444444444,0
4,-0.0129684497520794,0.0822594295462083,0.122492155642869,0,0.764444444444444,0
1,-0.0109137907514832,0.0969757950462806,0.122974457432863,0.629386219058583,0.682222222222222,0
2,-0.0129060816229698,0.0845480113924515,0.114681582467687,0.634100086396893,0.517777777777778,0
3,-0.0152883156195913,0.0872392298803546,0.122081658321318,0.791683562897299,0.264444444444444,14
4,-0.0162566178577789,0.0898389255915559,0.125937647872238,0.622100856931582,0.264444444444444,13
1,-0.037837966855023,0.100188421397978,0.128211702994,0.342870509635056,0.651111111111111,0
2,-0.023935059933308,0.0848977154976661,0.120283838276753,0.353793294285548,0.671111111111111,0
3,-0.0174944647215123,0.081682502608354,0.123781736631009,0,0.76,0
4,-0.0174944647215123,0.081682502608354,0.123781736631009,0,0.76,0
1,0.000923521983266433,0.0920322786077001,0.115699166947577,0.499340302182784,0.593333333333333,0
2,-0.00378783526440158,0.0915324184978679,0.122921111568548,0.488239711588928,0.495555555555556,0
3,-0.000863650448015406,0.0944714884235962,0.127760678954647,0.706993166017634,0.24,14
4,-0.0025807955217109,0.0948179570806671,0.129496092174954,0.492075993299135,0.24,12
1,-0.0133109141472046,0.0900528181588545,0.109406349444264,0.623770322319919,0.68,0
2,-0.0178670724076155,0.0879277222751371,0.117297427156153,0.608743405097526,0.671111111111111,0
3,-0.024489567574928,0.0910591143521599,0.130903635143476,0,0.717777777777778,0
4,-0.024489567574928,0.0910591143521599,0.130903635143476,0,0.717777777777778,0
1,-0.00496259249313118,0.0811132601040288,0.0991506859846254,0.657774816887903,0.642222222222222,0
2,-0.0135960148336762,0.0854280609367818,0.115141662577964,0.5050464142029,0.688888888888889,0
3,-0.0127591350579693,0.0851937738950976,0.121537047567193,0.599541358693854,0.762222222222222,15
4,-0.0133632946118155,0.0866635659830521,0.123816795492607,0.49914739263569,0.768888888888889,15
1,0.0235452117582672,0.0910788961425767,0.11272564622049,0.62977647966574,0.575555555555556,0
2,-0.000244298203802251,0.0803459985317719,0.105723241197652,0.549177994622194,0.611111111111111,0
3,-0.0121780528932239,0.0785180931594069,0.117814425225686,0,0.764444444444444,0
4,-0.0121780528932239,0.0785180931594069,0.117814425225686,0,0.764444444444444,0
1,0.0137393191415773,0.0810652334598768,0.0982582749806483,0.749068203590836,0.642222222222222,0
2,0.000214628920031839,0.0857739906080422,0.111957792218701,0.669502331550084,0.508888888888889,0
3,-0.000285295224794155,0.0926833514192636,0.121750148055357,0.83255381514274,0.257777777777778,15
4,-0.00137396775868496,0.0943304743801082,0.124694324540772,0.60721171695262,0.257777777777778,12
1,0.018743506738519,0.114264604257707,0.141458573766672,0.486222374448563,0.557777777777778,0
2,-0.0196896578391419,0.0899312083044075,0.115839934689266,0.492980813830839,0.631111111111111,0
3,-0.0247014080029897,0.0851191247552309,0.129577804761218,0,0.746666666666667,0
4,-0.0247014080029897,0.0851191247552309,0.129577804761218,0,0.746666666666667,0
1,-0.0121109743691947,0.0732263910575508,0.0933117278922626,0.730451899096531,0.686666666666667,0
2,-0.0305019875684299,0.0906511798792498,0.122796466577938,0.598631476327876,0.757777777777778,0
3,-0.029068906747602,0.0929118270878656,0.129661891672331,0.761526445442431,0.795555555555556,15
4,-0.0293746475335027,0.0949212977184207,0.132061144759419,0.624166845670997,0.722222222222222,14
1,-0.0331842704927186,0.096831156948211,0.123568290133422,0.611192875755913,0.686666666666667,0
2,-0.0143375013008829,0.0883426186003763,0.120941908749184,0.614923655210029,0.682222222222222,0
3,-0.0164962422371388,0.0914859834092398,0.132024716861217,0,0.746666666666667,0
4,-0.0164962422371388,0.0914859834092398,0.132024716861217,0,0.746666666666667,0
1,0.0304952950239561,0.0837559610326463,0.102919194822593,0.66528873255367,0.522222222222222,0
2,0.014801461807608,0.0931017762740095,0.118349013346992,0.513619838033915,0.344444444444444,0
3,0.0167835878209399,0.0990933042038114,0.124897341347801,0.731563685763924,0.233333333333333,15
4,0.0162424345395397,0.100414416529779,0.127031564529849,0.456990852897016,0.233333333333333,8
1,-0.0334826597840347,0.0902562734680035,0.116078042766091,0.57928430928372,0.671111111111111,0
2,-0.0364646374633566,0.0944692882729732,0.128917218794358,0.506328694765768,0.773333333333333,0
3,-0.0205557824952058,0.0911441125164927,0.133236747967046,0,0.742222222222222,0
4,-0.0205557824952058,0.0911441125164927,0.133236747967046,0,0.742222222222222,0
1,-0.0098703865704797,0.0808089396782192,0.103184336807661,0.656140331469973,0.662222222222222,0
2,-0.0155427623158785,0.0950211498279162,0.127562987175605,0.199552951697106,0.52,0
3,-0.0146310592583379,0.091780497244451,0.129023682626027,0.264405934694033,0.275555555555556,15
4,-0.0179731201534875,0.0907417241584571,0.129979129487764,0.187504174034418,0.315555555555556,14
1,-0.0135666080127445,0.0909017581297835,0.114083102127398,0.562287340749713,0.644444444444444,0
2,-0.0270791086426145,0.0861004966578439,0.120437213927634,0.5512314011613,0.784444444444444,0
3,-0.0131861502567654,0.0851095791433882,0.127420641800592,0,0.773333333333333,0
4,-0.0131861502567654,0.0851095791433882,0.127420641800592,0,0.773333333333333,0
1,0.00604708456641547,0.0864910379575718,0.106483359032715,0.611018644513006,0.655555555555556,0
2,0.00224882368139327,0.0899158960386576,0.121354932226429,0.25905118476842,0.455555555555556,0
3,0.00143925212533404,0.0900042613478754,0.123636931072549,0.392485519021104,0.228888888888889,13
4,0.00281259632631879,0.0910438830716561,0.124025804283363,0.244340543925168,0.228888888888889,11
1,-0.00066800781572929,0.0968321868678005,0.118507681695125,0.559924447998007,0.64,0
2,-0.0203753538514967,0.0944380993922652,0.127550075851272,0.327898058713403,0.624444444444444,0
3,-0.0193957407760833,0.0924411765645127,0.131982740802238,0,0.735555555555556,0
4,-0.0193957407760833,0.0924411765645127,0.131982740802238,0,0.735555555555556,0
1,-0.0257105762755505,0.0910401018317775,0.114072560535004,0.733462960684609,0.715555555555556,0
2,-0.0239028107068886,0.0829171495745523,0.114391424582687,0.635235421163893,0.815555555555556,0
3,-0.0265436722133601,0.0876462515118197,0.124493036997789,0.817696299633713,0.773333333333333,13
4,-0.0236634284307859,0.0887526640412731,0.12651763639191,0.651300118476005,0.773333333333333,14
1,-0.0126299675843806,0.084604084245683,0.105399442493375,0.630031274064702,0.642222222222222,0
2,-0.0354686525757435,0.0927868120823127,0.125973027233186,0.417760862858203,0.706666666666667,0
3,-0.0228399576419249,0.0889704206491993,0.129266351078525,0,0.728888888888889,0
4,-0.0228399576419249,0.0889704206491993,0.129266351078525,0,0.728888888888889,0
1,-0.0232354104659114,0.0812842547671496,0.103123766319396,0.694825728016766,0.677777777777778,0
2,-0.0242833907786065,0.0787208537955647,0.109979665877383,0.7928121715235,0.82,0
3,-0.0191041084387624,0.0831076347623977,0.123258051647802,0.89384088297691,0.877777777777778,14
4,-0.0225261481860706,0.0858848646240926,0.128533736038006,0.773705738431066,0.806666666666667,15
1,0.0524702032243879,0.10421911660121,0.124066080596028,0.486313211297206,0.431111111111111,0
2,0.00680743369935616,0.093166532894457,0.122476840779377,0.223805208146932,0.297777777777778,0
3,-0.0131091741716011,0.0845772913143984,0.125260419164741,0,0.766666666666667,0
4,-0.0131091741716011,0.0845772913143984,0.125260419164741,0,0.766666666666667,0
1,-0.0304986604053952,0.091304311355573,0.113579875494984,0.688033176299127,0.726666666666667,0
2,-0.0180708763770272,0.0819739275259921,0.109484951889864,0.746452430658438,0.76,0
3,-0.0187110042482543,0.0868118861858339,0.121795813881985,0.813242007697047,0.762222222222222,14
4,-0.0197661595967253,0.0903168450976764,0.127486290418756,0.717497170552683,0.751111111111111,13
1,0.0388923716189105,0.0882575949628762,0.11028016398667,0.752224268322571,0.591111111111111,0
2,-0.00937919843757676,0.0921673720074153,0.120395015640695,0.681509374376052,0.568888888888889,0
3,-0.0216566629871414,0.0964774038760526,0.136740961806054,0,0.726666666666667,0
4,-0.0216566629871414,0.0964774038760526,0.136740961806054,0,0.726666666666667,0
1,0.00129264042539965,0.0980392630822654,0.121965746173466,0.5208294987495,0.6,0
2,-0.0198933595698782,0.0846578573983535,0.115055547048242,0.561639647244915,0.642222222222222,0
3,-0.0194258730867473,0.0856891943749552,0.124584154668725,0.637062024007038,0.644444444444444,14
4,-0.021627148398826,0.0854396785498227,0.127066496028999,0.527820086711127,0.791111111111111,15
1,-0.0187514285024487,0.0860337736827851,0.10724114000261,0.688449211014814,0.704444444444444,0
2,-0.0391877130313768,0.0918573032515372,0.124864952499625,0.646908800375557,0.786666666666667,0
3,-0.0221166685370557,0.0933938037192747,0.134587961185247,0,0.731111111111111,0
4,-0.0221166685370557,0.0933938037192747,0.134587961185247,0,0.731111111111111,0
1,0.0176964019881131,0.105046102889202,0.126354119269991,0.434435353048313,0.562222222222222,0
2,0.00300037310376768,0.090451775329055,0.118892261967256,0.363878435731335,0.46,0
3,0.00167220452711859,0.0917125512973055,0.122638731240605,0.504787915673717,0.237777777777778,15
4,0.00291009297331889,0.0940025089263428,0.124782787889967,0.342488239023925,0.237777777777778,12
1,-0.0699343160834465,0.0883058224711992,0.11367922720082,0.717184251779532,0.853333333333333,0
2,-0.0376336251027256,0.0929781519974524,0.123238419618804,0.427156862188445,0.762222222222222,0
3,-0.0133658490744376,0.0860519185196633,0.124040531278351,0,0.748888888888889,0
4,-0.0133658490744376,0.0860519185196633,0.124040531278351,0,0.748888888888889,0
1,0.00253404281605978,0.0756192770962454,0.0963658314388095,0.707687550912379,0.617777777777778,0
2,-0.0327299595813453,0.0894302052037155,0.124936933862432,0.266721020597053,0.733333333333333,0
3,-0.031492379042848,0.0898441117820643,0.126314654176019,0.436092252884812,0.757777777777778,15
4,-0.0331109669714084,0.0912729896825108,0.127520816306939,0.218210787136998,0.757777777777778,12
1,-0.0205326290853345,0.0792644053811726,0.100840937692631,0.697069766188979,0.695555555555556,0
2,-0.0164868108909352,0.0971114176744153,0.127295648058596,0.393442220580089,0.513333333333333,0
3,-0.0284348723235725,0.0949254566603658,0.135753976329397,0,0.706666666666667,0
4,-0.0284348723235725,0.0949254566603658,0.135753976329397,0,0.706666666666667,0
1,-0.025090310832591,0.0743320552735984,0.0936470318781767,0.73711811653339,0.691111111111111,0
2,-0.015124536774468,0.0749462467065726,0.102726616017059,0.597826363926094,0.671111111111111,0
3,-0.0122588005926057,0.0753573366117438,0.113063372586771,0.713855135337472,0.464444444444444,15
4,-0.0168294431375402,0.0752652512456672,0.116316744301698,0.446372741813919,0.548888888888889,8
1,0.0377958545238069,0.116722079741207,0.14216594512528,0.259140873785092,0.468888888888889,0
2,0.00356581934225579,0.0891950311032997,0.117517049563853,0.447369517545375,0.577777777777778,0
3,0.00159432203755179,0.0867785249845354,0.125026955147304,0,0.8,0
4,0.00159432203755179,0.0867785249845354,0.125026955147304,0,0.8,0
1,-0.0149212133055864,0.0736398082550896,0.0961839558783934,0.71044164908203,0.651111111111111,0
2,-0.0486601266077346,0.0923218465070783,0.12980426292453,0.593978752121477,0.742222222222222,0
3,-0.0506928385665019,0.100171392674438,0.137588671941349,0.780819770523878,0.72,14
4,-0.049971573333533,0.101813888844065,0.139578928970484,0.682836107024976,0.72,14
1,0.025436737378881,0.0910542618962343,0.111035929413342,0.67699259880091,0.557777777777778,0
2,-0.00198175949485679,0.0876148644813374,0.113383517660382,0.627369622595649,0.446666666666667,0
3,-0.0250565319138474,0.0870383892808524,0.130176597589217,0,0.737777777777778,0
4,-0.0250565319138474,0.0870383892808524,0.130176597589217,0,0.737777777777778,0
1,0.0474812824473086,0.10580918837705,0.128184275319326,0.438946098422077,0.435555555555556,0
2,0.0129327168296597,0.0970984552849363,0.121300682599378,0.441534179034267,0.28,0
3,0.0107834586624805,0.100203901823356,0.12603591550733,0.735672648216292,0.246666666666667,13
4,0.0109677872423681,0.101216121134806,0.127318906422942,0.480646705679772,0.246666666666667,12
1,0.0571291030985591,0.103992992467585,0.12667142970154,0.701172213760032,0.533333333333333,0
2,0.0232016013070638,0.0875243353875263,0.105168791855386,0.69365445330636,0.473333333333333,0
3,-0.022656504552238,0.0876931981362443,0.129852711053518,0,0.737777777777778,0
4,-0.022656504552238,0.0876931981362443,0.129852711053518,0,0.737777777777778,0
1,-0.0196645308938774,0.0841702660317209,0.106942132758872,0.714247074039599,0.706666666666667,0
2,-0.0266108131415018,0.0803300380111834,0.109211219987416,0.645243103414237,0.728888888888889,0
3,-0.0275336049713848,0.0843015048877327,0.121713869345736,0.754590438335061,0.946666666666667,15
4,-0.0275683617665967,0.0877376130673806,0.127065983123499,0.49784417868319,0.755555555555556,14
1,-0.0188889109557031,0.0865247708869298,0.109635356570275,0.662825519394879,0.7,0
2,-0.0266856714846857,0.0802729073660584,0.107572000737498,0.794322394593252,0.753333333333333,0
3,-0.0269987738729459,0.0910290840515421,0.131688743026927,0,0.713333333333333,0
4,-0.0269987738729459,0.0910290840515421,0.131688743026927,0,0.713333333333333,0
1,0.0027561707341333,0.0812743447707881,0.101352985612279,0.626729278549811,0.597777777777778,0
2,-0.0157826976889381,0.0901684643006609,0.122806652294,0.31973215977038,0.515555555555556,0
3,-0.0190969707146395,0.0888785279297754,0.127416881728832,0.245556605744314,0.391111111111111,14
4,-0.0163608667090983,0.0902420830101566,0.127446297227416,0.393686287828377,0.266666666666667,15
1,0.0178008433983619,0.0909393030287235,0.112844878208309,0.57234427006075,0.577777777777778,0
2,-0.00625126783734827,0.0817255028999843,0.11303370562161,0.502209311879512,0.588888888888889,0
3,-0.0108730584873635,0.0816067263453674,0.122183471955205,0,0.771111111111111,0
4,-0.0108730584873635,0.0816067263453674,0.122183471955205,0,0.771111111111111,0
1,-0.0235211837400991,0.0862635112663546,0.108831501062626,0.683551799484503,0.697777777777778,0
2,-0.0309044501903509,0.081888369676361,0.114131969641087,0.729807504607435,0.802222222222222,0
3,-0.0343010766945962,0.0898082573947008,0.126189090681847,0.843565355409245,0.733333333333333,14
4,-0.03319625008399,0.0925530540324051,0.130155217522255,0.592650347556405,0.733333333333333,11
1,-0.00522207288107141,0.0835324495031142,0.103415894988843,0.667687382497143,0.646666666666667,0
2,-0.0181674796133076,0.0794706506910386,0.101668778893084,0.650758629838427,0.726666666666667,0
3,-0.00823891839066942,0.0830145046446394,0.121949068608884,0,0.771111111111111,0
4,-0.00823891839066942,0.0830145046446394,0.121949068608884,0,0.771111111111111,0
1,-0.0421655828697174,0.0886536053700825,0.114079710259038,0.530408016022897,0.724444444444444,0
2,-0.0364114727062432,0.0863924732853141,0.117873598154361,0.4140160701439,0.8,0
3,-0.0313422154685922,0.0861614261698172,0.121256657835785,0.512074709520047,0.757777777777778,12
4,-0.0360583211968677,0.0896100549351258,0.124197184025295,0.374313307795954,0.757777777777778,11
1,0.0194836080158306,0.0825637343091731,0.101560895052986,0.697978196522923,0.58,0
2,-0.0287259118666555,0.0845471347810696,0.106522891606861,0.708661847981335,0.74,0
3,-0.0185178113470068,0.090623652011281,0.131358839624692,0,0.744444444444444,0
4,-0.0185178113470068,0.090623652011281,0.131358839624692,0,0.744444444444444,0
1,0.00791491600081101,0.0859139134233034,0.107851178462168,0.563490010444101,0.575555555555556,0
2,-0.00113030676520713,0.0906342284093196,0.124098886681156,0.0191975715097128,0.388888888888889,0
3,0.00398479341020693,0.0888399372231013,0.122742632069974,-0.0326660907997825,0.213333333333333,15
4,-0.00290343204768786,0.0849281114804085,0.122626517933439,0.0254366133772425,0.208888888888889,15
1,0.0366634694938599,0.091420809090776,0.112980741046871,0.637212720668784,0.535555555555556,0
2,0.00456296589689562,0.0794223980901846,0.107535727529696,0.692614569635453,0.511111111111111,0
3,-0.00642978584004066,0.0812606612865243,0.121256108280239,0,0.786666666666667,0
4,-0.00642978584004066,0.0812606612865243,0.121256108280239,0,0.786666666666667,0
1,0.031872490521883,0.0948198866036951,0.11580136946637,0.607328301099803,0.564444444444444,0
2,0.000976943811904945,0.0974322388467475,0.125302839911757,0.312146787283565,0.357777777777778,0
3,0.00314612412289723,0.101514600133136,0.128518331886663,0.372260365362235,0.268888888888889,14
4,0.00144344649244956,0.101546860427729,0.129427414852263,0.368771135366029,0.268888888888889,10
1,-0.00510674844942566,0.0920151104886766,0.114177678097337,0.52956509558914,0.655555555555556,0
2,-0.0143884528990757,0.0881989763401044,0.118047231181619,0.508505230184438,0.593333333333333,0
3,-0.0209921825896318,0.0888644969635261,0.128231851540098,0,0.726666666666667,0
4,-0.0209921825896318,0.0888644969635261,0.128231851540098,0,0.726666666666667,0
1,0.0225029326188592,0.0808924295608299,0.102133985267601,0.647729829487358,0.571111111111111,0
2,0.00323267869857878,0.0854201800237699,0.113632461962339,0.426718723816331,0.404444444444444,0
3,0.00113329461104637,0.0880556943079682,0.119100975370351,0.507986710901811,0.24,15
4,0.00356444297156495,0.0902322899956364,0.120441520437337,0.464489040879685,0.24,12
1,0.0101046689275594,0.0873427368758497,0.107602800322258,0.591919474355063,0.6,0
2,-0.000206821778898455,0.0885123264337473,0.116852213055941,0.490009980307109,0.484444444444444,0
3,-0.0108476818311589,0.0870224940190676,0.125158672212374,0,0.76,0
4,-0.0108476818311589,0.0870224940190676,0.125158672212374,0,0.76,0
1,0.0687329444400654,0.0975843403557141,0.118137352380135,0.67157431267089,0.406666666666667,0
2,-0.00287883951542348,0.0928728361808943,0.123028159923177,0.166539697560674,0.375555555555556,0
3,-0.000567051190502632,0.0939519909480239,0.124059908195789,0.154220970382765,0.26,15
4,-0.00157407536214301,0.0937444010253329,0.124366498999392,0.122902589529034,0.26,15
1,-0.0233592612006103,0.0941223935522604,0.116666893324775,0.552377838559059,0.664444444444444,0
2,-0.0490241782372937,0.092639304558578,0.12176990184563,0.584263520329106,0.733333333333333,0
3,-0.0170989178613128,0.085343962266334,0.125759012888823,0,0.748888888888889,0
4,-0.0170989178613128,0.085343962266334,0.125759012888823,0,0.748888888888889,0
1,0.0209445130536004,0.0911752389903189,0.111855436202461,0.654192728305503,0.568888888888889,0
2,-0.00308301905241353,0.0922553332006329,0.121281124625751,0.417937251937938,0.488888888888889,0
3,-0.00454902581164777,0.0927668513130877,0.126086460996926,0.509858319680378,0.246666666666667,14
4,-0.0046190312873038,0.0938087722297591,0.12757641551349,0.377872702132581,0.246666666666667,15
1,0.0227684222637388,0.105478052118867,0.127488031481005,0.354881985619482,0.515555555555556,0
2,0.00817702250971164,0.0945296707320742,0.119066873580883,0.50904252024822,0.408888888888889,0
3,-0.0182633243921185,0.0883925547068178,0.130691379431295,0,0.755555555555556,0
4,-0.0182633243921185,0.0883925547068178,0.130691379431295,0,0.755555555555556,0
1,0.00554013220712649,0.0844323851077967,0.106628163715386,0.561751984890193,0.595555555555556,0
2,-0.0140683946906837,0.0851788232501712,0.118597125489947,0.564496004722944,0.713333333333333,0
3,-0.0158620163383092,0.0863440427892032,0.125129222264981,0.795613188426577,0.808888888888889,15
4,-0.0144077262865588,0.0872303557206111,0.126687741844804,0.681704938056817,0.766666666666667,15
1,0.0361113324841307,0.0968060888545272,0.119179663901376,0.664254084534364,0.546666666666667,0
2,-0.00242817552946258,0.0984520323829411,0.124947706248097,0.554815982553554,0.464444444444444,0
3,-0.0251501942010864,0.097785155409696,0.138665563682728,0,0.715555555555556,0
4,-0.0251501942010864,0.097785155409696,0.138665563682728,0,0.715555555555556,0
1,0.00156435358775906,0.0851681626912525,0.105518581990858,0.564227000897518,0.593333333333333,0
2,-0.0111363641613197,0.0820584858000726,0.115968630152093,0.335538164325807,0.637777777777778,0
3,-0.00913084019484468,0.0797546494483631,0.119167147191267,0.494142406651606,0.593333333333333,14
4,-0.0108328652335825,0.0796575160895846,0.120412647409895,0.444369364168838,0.753333333333333,14
1,-0.0095707136610404,0.0886024997165622,0.108142211394271,0.633564738140476,0.66,0
2,-0.0146618531309298,0.0911804391579681,0.120162976514693,0.612340149455856,0.66,0
3,-0.0200582773929845,0.0952058631347057,0.13552722935456,0,0.733333333333333,0
4,-0.0200582773929845,0.0952058631347057,0.13552722935456,0,0.733333333333333,0
1,0.0463446166932998,0.110914627844834,0.140711906804799,0.469509322392611,0.515555555555556,0
2,0.0132397338931956,0.0930068438693279,0.117795117711573,0.411424442625205,0.326666666666667,0
3,0.0130142786787027,0.0970775377359397,0.122753388661573,0.547092441237504,0.24,13
4,0.0131477916958249,0.0980515101684458,0.124178524654377,0.317371201239289,0.24,15
1,0.00464625852268795,0.0890898909794991,0.108866361546649,0.64363207037424,0.6,0
2,-0.0145191093186962,0.0880340890592671,0.116904655971122,0.501884649053218,0.602222222222222,0
3,-0.0206559871331095,0.0861944924051609,0.128051327388538,0,0.744444444444444,0
4,-0.0206559871331095,0.0861944924051609,0.128051327388538,0,0.744444444444444,0
1,0.0158119630876455,0.101081907664364,0.123669100902186,0.482819279701501,0.54,0
2,-0.00491317793341804,0.0826025360884465,0.11138301745224,0.562579653374379,0.584444444444444,0
3,-0.0045397762035293,0.0830101607546454,0.11995186748018,0.552872126810641,0.542222222222222,14
4,-0.00445776308929457,0.0847954430827885,0.123723258465317,0.583217654489499,0.208888888888889,15
1,0.0429308884221923,0.0873549690234802,0.110169656992365,0.68700587141892,0.546666666666667,0
2,-0.0055479485572577,0.0811481045052886,0.110019527297266,0.585832059905846,0.668888888888889,0
3,-0.00511027391801269,0.0831062869836173,0.121250659610244,0,0.775555555555556,0
4,-0.00511027391801269,0.0831062869836173,0.121250659610244,0,0.775555555555556,0
1,-0.0119875781854055,0.0819256097908058,0.103729099135409,0.599191073461099,0.657777777777778,0
2,-0.00990709051783898,0.0861173154099536,0.118578679585014,0.402545858531124,0.551111111111111,0
3,-0.00886459651674363,0.0865206135571035,0.122386260515256,0.623543107879047,0.244444444444444,14
4,-0.00973471522427905,0.0867556935636538,0.123229086717459,0.530202301221403,0.244444444444444,15
1,-0.0246041746501916,0.0838292302069195,0.10505117548478,0.662968045932564,0.695555555555556,0
2,-0.0350663880698011,0.0946723024072544,0.128255645465847,0.521674369007305,0.764444444444444,0
3,-0.0229430587775535,0.0930313002943166,0.135007264393473,0,0.735555555555556,0
4,-0.0229430587775535,0.0930313002943166,0.135007264393473,0,0.735555555555556,0
1,0.0247516426800479,0.0863450703028696,0.104081268184037,0.613329548153197,0.535555555555556,0
2,-0.00454115304164997,0.0845928206724041,0.113403734454244,0.542177870002442,0.453333333333333,0
3,-0.0082171880850832,0.0856390283300394,0.118892745930076,0.67200226859723,0.248888888888889,14
4,-0.00394948018770847,0.08933096745918,0.120888278009869,0.638802393578904,0.248888888888889,15
1,0.0393241973894193,0.0980071908265065,0.119927391267376,0.67671319588303,0.577777777777778,0
2,0.0168948500064099,0.100498373268906,0.121319592690281,0.397784288630286,0.348888888888889,0
3,-0.020341072402879,0.0899381411381351,0.129444864973384,0,0.731111111111111,0
4,-0.020341072402879,0.0899381411381351,0.129444864973384,0,0.731111111111111,0
1,-0.0515715572089128,0.0957754394466756,0.122594797602444,0.571751671531041,0.753333333333333,0
2,-0.0331656470125134,0.0887553029190755,0.123245503043746,0.462085567037559,0.753333333333333,0
3,-0.0321543434564836,0.091231113943042,0.127816047510204,0.629380738693114,0.748888888888889,15
4,-0.0327544296638867,0.0924878575267556,0.129199633330498,0.557254880269989,0.748888888888889,12
1,0.015466300348197,0.0847605783982458,0.103123780130441,0.646924303579787,0.557777777777778,0
2,-0.0204680719964739,0.080896968693123,0.108311498980269,0.606157829991845,0.644444444444444,0
3,-0.023633428861221,0.0793490089507498,0.124233580117201,0,0.757777777777778,0
4,-0.023633428861221,0.0793490089507498,0.124233580117201,0,0.757777777777778,0
1,-0.0564982074322945,0.0972635202011241,0.123062932713531,0.686977271367736,0.762222222222222,0
2,-0.0419384788982119,0.102612833250028,0.139149227916366,0.342619724112742,0.713333333333333,0
3,-0.0425162738910812,0.104907454808563,0.142980141844182,0.444560957106748,0.724444444444444,13
4,-0.0415290387584983,0.105545519124367,0.144196747398376,0.310885882005367,0.724444444444444,14
1,0.00545356701495408,0.085982719468225,0.106488532018285,0.557800695134276,0.6,0
2,-0.0175990411277349,0.0868450237324097,0.117686491370145,0.574810130863017,0.717777777777778,0
3,-0.0162524129675431,0.0884521999422011,0.128456954799591,0,0.748888888888889,0
4,-0.0162524129675431,0.0884521999422011,0.128456954799591,0,0.748888888888889,0
1,-0.0133491822679259,0.0729382803637653,0.0925121101609593,0.696332806078966,0.655555555555556,0
2,-0.00713052270705019,0.0820386768849551,0.11397267472013,0.44355181618244,0.457777777777778,0
3,-0.00472289618979102,0.0855603859369729,0.118544755985994,0.609516293488851,0.242222222222222,14
4,-0.00712923877205536,0.0855274956186828,0.120141422101296,0.547422901458391,0.242222222222222,14
1,0.0156776285615418,0.0803240742774572,0.0988341456420365,0.754217056150983,0.644444444444444,0
2,0.0158720661545512,0.103443628515841,0.126752195685812,0.320655979534526,0.3,0
3,-0.014022043244845,0.0938046036749546,0.131350764545274,0,0.737777777777778,0
4,-0.014022043244845,0.0938046036749546,0.131350764545274,0,0.737777777777778,0
1,0.032795297532067,0.0762822983131514,0.0931456229270627,0.691999797281478,0.551111111111111,0
2,0.00164066888836514,0.0800398090212746,0.108869912975445,0.235587831348369,0.395555555555556,0
3,0.00158474447920414,0.0798624607480447,0.111042894774618,0.26001807267353,0.228888888888889,14
4,0.00286749967300007,0.0808211117317032,0.111555615002316,0.183839681350686,0.228888888888889,12
1,0.00365927018633702,0.0763381530591662,0.0957789252959447,0.702459673401541,0.591111111111111,0
2,0.00221601600642121,0.0935874222161601,0.123147557002687,0.300270593367401,0.388888888888889,0
3,-0.0136130900147739,0.08726670058862,0.127387529870922,0,0.757777777777778,0
4,-0.0136130900147739,0.08726670058862,0.127387529870922,0,0.757777777777778,0
1,0.0497948571288901,0.10550280026469,0.129261438393882,0.627516908602806,0.511111111111111,0
2,-0.010639822963099,0.0794583490700611,0.109383452770643,0.749305368052036,0.682222222222222,0
3,-0.0109690018572363,0.0847498727922522,0.123164200785106,0.855355555431666,0.64,13
4,-0.00872421402654689,0.088688213473879,0.127364292214767,0.716624958918717,0.342222222222222,15
1,-0.0344766124110133,0.0759005084914169,0.0987704102129911,0.730523653019001,0.693333333333333,0
2,-0.0283358477625757,0.0766606809335104,0.103670396814995,0.728412774461544,0.911111111111111,0
3,-0.0101290877094031,0.0788829345574759,0.119765582111254,0,0.782222222222222,0
4,-0.0101290877094031,0.0788829345574759,0.119765582111254,0,0.782222222222222,0
1,0.0190568166567988,0.0999175307924525,0.125461781129573,0.535480258557817,0.588888888888889,0
2,-0.00049679437102781,0.0770154025023925,0.103502548717839,0.741754764109767,0.568888888888889,0
3,0.000218051813876221,0.0836096651924781,0.113862949737138,0.873391896244744,0.244444444444444,15
4,0.000664784039927814,0.0862114004395158,0.117001301804081,0.817420354967673,0.244444444444444,14
1,-0.0240631994705532,0.0858112211230235,0.108149269197826,0.580698978412475,0.668888888888889,0
2,-0.00643394779974425,0.0971907067872351,0.127993817666994,0.0277107732069034,0.404444444444444,0
3,-0.0198239894275561,0.0880072780829007,0.128449915152477,0,0.74,0
4,-0.0198239894275561,0.0880072780829007,0.128449915152477,0,0.74,0
1,0.00405875715706108,0.0840658389561944,0.102124004710738,0.702121665288329,0.613333333333333,0
2,-0.00622960659788973,0.087642222646293,0.118013533631406,0.549315220397769,0.628888888888889,0
3,-0.00427686707344568,0.0901373576912856,0.126670005940239,0.5457249048676,0.462222222222222,15
4,-0.00533249940488256,0.0910278355102105,0.128679635258147,0.362272571325629,0.271111111111111,15
1,0.0819407739500595,0.111473414265794,0.136843244065778,0.643422057322831,0.433333333333333,0
2,0.0269879789555066,0.100927844178357,0.120497606218436,0.416421291392181,0.244444444444444,0
3,-0.0124002199874285,0.0835232431781123,0.123735527713375,0,0.766666666666667,0
4,-0.0124002199874285,0.0835232431781123,0.123735527713375,0,0.766666666666667,0
1,0.00835921842724271,0.0804575762979763,0.101265276608679,0.530121460879101,0.513333333333333,0
2,-0.0193336208904412,0.0812496822541214,0.114626282279052,0.42358638418727,0.693333333333333,0
3,-0.0199019541612836,0.080259799800123,0.118835350616163,0.657692497204835,0.775555555555556,15
4,-0.0190879321748608,0.0808501872885209,0.120459101148819,0.47335115537157,0.768888888888889,14
1,-0.0653998100688412,0.0942930582077942,0.118417864850541,0.696438998157118,0.78,0
2,-0.0542762496203232,0.0910655155903404,0.117365804171477,0.674884017145042,0.817777777777778,0
3,-0.00879097475205884,0.0833581503097883,0.122597549285935,0,0.775555555555556,0
4,-0.00879097475205884,0.0833581503097883,0.122597549285935,0,0.775555555555556,0
1,-0.0135501880786005,0.07271749649508,0.0908777150348889,0.707447182577065,0.668888888888889,0
2,-0.0202933013771515,0.0840259928042636,0.116733594277674,0.440834152956618,0.713333333333333,0
3,-0.0217852908734429,0.0849908103748763,0.12133484094611,0.608587270620218,0.762222222222222,14
4,-0.0214992154301966,0.0854935688259195,0.122343615956073,0.537151125077186,0.762222222222222,12
1,-0.000249070405538823,0.0971067112817168,0.120877720682711,0.484115443619913,0.628888888888889,0
2,-0.0268830379506279,0.0861530409510037,0.117380679614513,0.529547354470354,0.786666666666667,0
3,-0.0106706204722465,0.084154456595282,0.123512888563924,0,0.766666666666667,0
4,-0.0106706204722465,0.084154456595282,0.123512888563924,0,0.766666666666667,0
1,-0.00392987156537523,0.092158982250535,0.117982396179647,0.587454662500735,0.6,0
2,-0.0158244321266763,0.083621140624662,0.117329943634154,0.280841995180444,0.52,0
3,-0.0159855734437206,0.0813589451682858,0.119986105252078,0.25632472376157,0.284444444444444,15
4,-0.0163479048050686,0.0815179895394907,0.120390538121974,0.240449846033368,0.248888888888889,13
1,-0.0289933445152332,0.0823513333508553,0.103237661463214,0.701316421806122,0.711111111111111,0
2,-0.0184214891212828,0.0841420377562195,0.11219427277547,0.631115846634633,0.717777777777778,0
3,-0.0125594020907137,0.085709260281996,0.12598471644277,0,0.762222222222222,0
4,-0.0125594020907137,0.085709260281996,0.12598471644277,0,0.762222222222222,0
1,0.0154605402941704,0.0808858669993718,0.0987963340841602,0.617379305417431,0.571111111111111,0
2,-0.00373184867609697,0.0785760088380201,0.106122637683499,0.614153629149538,0.586666666666667,0
3,-0.00371743265330919,0.0803208464202628,0.114401111599462,0.741289372168056,0.375555555555556,15
4,-0.00488866186353509,0.081763569029711,0.117445524398774,0.604781054432821,0.248888888888889,12
1,0.0178700965681318,0.0898224644000779,0.110863883393562,0.525953089696183,0.577777777777778,0
2,-0.00508818232902615,0.0858735966851788,0.111955523253503,0.414002681013929,0.546666666666667,0
3,-0.0153347638728429,0.0814685058805671,0.12003165129658,0,0.748888888888889,0
4,-0.0153347638728429,0.0814685058805671,0.12003165129658,0,0.748888888888889,0
1,0.0608478832254205,0.101290134477837,0.121947115497721,0.652728973778349,0.468888888888889,0
2,-0.00589965870450437,0.0899165686695337,0.120938176141264,0.392002269559198,0.502222222222222,0
3,-0.00198951561161834,0.0923500472787696,0.124054369003348,0.589648622033979,0.248888888888889,15
4,-0.0077014463244163,0.0912189941769578,0.126410004258721,0.532433885124905,0.248888888888889,14
1,0.0397152401807461,0.0929553459774657,0.114246908397245,0.653511384230135,0.544444444444444,0
2,0.00891899034057683,0.0834456275187998,0.10843341517797,0.68102747955224,0.4,0
3,-0.013193401179556,0.0820209508703014,0.1219967908542,0,0.76,0
4,-0.013193401179556,0.0820209508703014,0.1219967908542,0,0.76,0
1,0.0511658135637865,0.0980733868099339,0.11633973018505,0.634027652940631,0.475555555555556,0
2,0.00915634078491356,0.0905880267416431,0.116077519049622,0.599944915368062,0.395555555555556,0
3,0.0120339248159653,0.0974667429823508,0.123938142721439,0.70395198255342,0.237777777777778,15
4,0.010147333864972,0.0992215248924001,0.127156769677043,0.537261490848839,0.237777777777778,13
1,-0.0193141603113388,0.0863385924580297,0.106604160408041,0.664824905713765,0.711111111111111,0
2,0.0028426736205612,0.08607356896994,0.112460132447394,0.641161402622675,0.522222222222222,0
3,-0.0121127232595519,0.0857779102855019,0.126405507462082,0,0.766666666666667,0
4,-0.0121127232595519,0.0857779102855019,0.126405507462082,0,0.766666666666667,0
1,-0.0128607541235761,0.0863507685140506,0.1082733164368,0.611407292330516,0.673333333333333,0
2,-0.00320405111526086,0.0858713844664024,0.111901534081411,0.584687110519428,0.693333333333333,0
3,-0.00330765706013135,0.0869631844262787,0.120353007277879,0.580769725432625,0.668888888888889,14
4,-0.00167053627327527,0.0886314850660764,0.123921053137132,0.536776079791789,0.24,13
1,0.00420423198879042,0.0838865282302444,0.102822981720369,0.666717710303177,0.626666666666667,0
2,-0.00409561467367714,0.086593202736848,0.116341891361358,0.585146329200167,0.566666666666667,0
3,-0.0129296611212533,0.0877957262339501,0.126995962520664,0,0.757777777777778,0
4,-0.0129296611212533,0.0877957262339501,0.126995962520664,0,0.757777777777778,0
1,-0.0495104944327261,0.0956267937833504,0.121888078982106,0.633796238834175,0.72,0
2,-0.0394121301590556,0.090404797046599,0.124792278596172,0.498769881523135,0.715555555555556,0
3,-0.0380232013859763,0.0915774085519315,0.130421142726298,0.604158311399859,0.757777777777778,14
4,-0.0403281770066235,0.095726434276704,0.134658123268836,0.488756049366435,0.757777777777778,9
1,-0.000262692947927906,0.0949527419050975,0.120081308577788,0.650516661691175,0.646666666666667,0
2,-0.0219724006047286,0.0972646515861281,0.131739893332946,0.22240290286321,0.517777777777778,0
3,-0.027369397560753,0.0928557253533053,0.135929698706909,0,0.726666666666667,0
4,-0.027369397560753,0.0928557253533053,0.135929698706909,0,0.726666666666667,0
1,-0.037718362820384,0.0981075132502898,0.122700411683392,0.530370938601956,0.684444444444444,0
2,-0.0362232152820995,0.0907456265317905,0.122462540399443,0.680143089526965,0.817777777777778,0
3,-0.0384488647324913,0.0974749416553104,0.134198473266121,0.703762689269279,0.74,13
4,-0.0369664257774815,0.0999576883373943,0.137880470896592,0.606164188340882,0.74,15
1,0.0173980856029286,0.111293830863595,0.13602049503828,0.341532221729882,0.537777777777778,0
2,0.00191109344591571,0.0949817573958465,0.123656750217014,0.235385938430896,0.377777777777778,0
3,-0.018465043895173,0.0861507273433696,0.127864750634098,0,0.753333333333333,0
4,-0.018465043895173,0.0861507273433696,0.127864750634098,0,0.753333333333333,0
1,0.000496221951883849,0.10030429011295,0.127510954026694,0.353790858256797,0.522222222222222,0
2,0.00694678574316667,0.0969580940388441,0.126987499259739,0.222078085470314,0.335555555555556,0
3,0.0111128243734862,0.100258116166611,0.129203344977755,0.277630244387285,0.226666666666667,15
4,0.00818054702893297,0.0991640123379354,0.129639992060489,0.153141688822259,0.226666666666667,15
1,0.0236434662737413,0.0776884067806747,0.0952358450167205,0.696089847730037,0.588888888888889,0
2,0.000270188492928578,0.0832570031162959,0.111685443792998,0.329498526451759,0.471111111111111,0
3,-0.00877879736804914,0.0794709751589424,0.116399364156313,0,0.762222222222222,0
4,-0.00877879736804914,0.0794709751589424,0.116399364156313,0,0.762222222222222,0
1,-0.0271326806308697,0.0748953909322984,0.0968647113981343,0.728222279759165,0.726666666666667,0
2,-0.0207825325433275,0.0788721449861809,0.109856928363313,0.679653281980957,0.78,0
3,-0.0187786736069821,0.0815167195500053,0.118557973992521,0.791479376009448,0.915555555555556,14
4,-0.022267840329848,0.0847922796238101,0.122105902101822,0.626448168410164,0.76,13
1,0.016480714494126,0.0915493771588578,0.11518794884195,0.61303478395219,0.584444444444444,0
2,-0.013470459742157,0.0821520186157851,0.113656810944804,0.568805031873383,0.575555555555556,0
3,-0.0198757980394886,0.0842925482374868,0.127662752031072,0,0.76,0
4,-0.0198757980394886,0.0842925482374868,0.127662752031072,0,0.76,0
1,0.0348641049750535,0.102222422663276,0.121489351278996,0.404566384848593,0.437777777777778,0
2,-0.0138884208876836,0.0906726519878734,0.121837724177213,0.255451333218032,0.484444444444444,0
3,-0.0051528133899978,0.0920702479849202,0.123369075934253,0.211943620355459,0.264444444444444,15
4,-0.0142515092016337,0.0883582567996745,0.124887121120963,0.190828899602041,0.273333333333333,14
1,-0.032962187646736,0.110001887090612,0.137329526640431,0.470230061069531,0.651111111111111,0
2,-0.0142702378549508,0.0821068337388849,0.110332542083416,0.542117604544252,0.728888888888889,0
3,-0.00994873858421985,0.0827913116179577,0.121126626050251,0,0.762222222222222,0
4,-0.00994873858421985,0.0827913116179577,0.121126626050251,0,0.762222222222222,0
1,0.0334884476774543,0.0833316625328199,0.0992835595900804,0.627832095089677,0.435555555555556,0
2,-0.00585702421785652,0.081379230047932,0.115465551199006,0.138443057923479,0.411111111111111,0
3,-0.00581614517476251,0.0798807166377977,0.116296696629188,0.217333784240695,0.22,14
4,-0.0054363578876382,0.0805051934758304,0.116774504263097,0.173929483328021,0.22,15
1,0.0107025889526354,0.0928799666199847,0.117516316116936,0.692705650589664,0.642222222222222,0
2,-0.0149262583326913,0.087622585036973,0.115369493642356,0.592739638594934,0.677777777777778,0
3,-0.0151610092742849,0.0903747668535331,0.128002513799578,0,0.74,0
4,-0.0151610092742849,0.0903747668535331,0.128002513799578,0,0.74,0
1,-0.00980435439878291,0.0960168779513627,0.121697997472904,0.639792113614967,0.655555555555556,0
2,-0.0116119746841295,0.0827974371740649,0.110377951546606,0.610271770903173,0.746666666666667,0
3,-0.0104599441547747,0.0857033393089412,0.120348607459177,0.617290357080462,0.788888888888889,15
4,-0.0129594105903697,0.0890010147552779,0.123865482887453,0.492616570954776,0.78,15
1,-0.04084723943778,0.0995257468169571,0.126076136150858,0.640048932931861,0.737777777777778,0
2,-0.0349994003142655,0.078373901071109,0.110238085593754,0.76874205799286,0.831111111111111,0
3,-0.0223503548598064,0.0824870805226328,0.125785782073935,0,0.748888888888889,0
4,-0.0223503548598064,0.0824870805226328,0.125785782073935,0,0.748888888888889,0
1,0.0164947291889093,0.0949611461123413,0.116035122445683,0.521815442292466,0.515555555555556,0
2,-0.0131825045505935,0.094476668496073,0.128701642145184,0.250377735875211,0.446666666666667,0
3,-0.0149700713114257,0.093364336110336,0.130596529830196,0.491175814450377,0.26,14
4,-0.0137640706298658,0.0945820268179646,0.131321693479857,0.488775131621948,0.26,11
1,0.0494338792833493,0.0973167356166267,0.117712881609275,0.693423415083709,0.531111111111111,0
2,-0.0133231826596477,0.081168868291641,0.110922367568664,0.800229660570011,0.668888888888889,0
3,-0.023194372605267,0.0914369231752374,0.134343912468342,0,0.737777777777778,0
4,-0.023194372605267,0.0914369231752374,0.134343912468342,0,0.737777777777778,0
1,-0.0321134157761086,0.0883992253525501,0.108970204227662,0.681821293796432,0.72,0
2,-0.0188297742637085,0.0806105068117445,0.110538093963011,0.683225635393743,0.751111111111111,0
3,-0.0206260255778959,0.0847664010393217,0.121911211606496,0.799488516279255,0.966666666666667,13
4,-0.0194147469047128,0.086775887519633,0.125880663162201,0.752926529270166,0.782222222222222,14
1,0.0115235935869681,0.0898582544415573,0.110862808750659,0.603912032225772,0.602222222222222,0
2,-0.0009328642459091,0.095637950408219,0.127346351607194,0.212504000352178,0.393333333333333,0
3,-0.017432561695259,0.0876635105136783,0.131887666262515,0,0.766666666666667,0
4,-0.017432561695259,0.0876635105136783,0.131887666262515,0,0.766666666666667,0
1,-0.0101292143744749,0.0987068097523027,0.123492605757323,0.622633353048388,0.613333333333333,0
2,-0.0124301625486075,0.0838946888104086,0.113657054451591,0.684739437138513,0.553333333333333,0
3,-0.00640437951266857,0.0923617985730454,0.123179495215302,0.779648465951904,0.268888888888889,15
4,-0.0113719623835247,0.0928829086221194,0.126817798810183,0.743833025415539,0.268888888888889,15
1,0.0153951411829041,0.0900095796957521,0.111724203957155,0.567477447976563,0.617777777777778,0
2,0.00938029301180578,0.0889119079969156,0.115728129888746,0.34699355301302,0.364444444444444,0
3,-0.0106487447275049,0.0806070353371213,0.121035613163241,0,0.777777777777778,0
4,-0.0106487447275049,0.0806070353371213,0.121035613163241,0,0.777777777777778,0
1,0.0415158246651984,0.0923679007581774,0.112905008646029,0.630787451945678,0.517777777777778,0
2,-0.0112200390002335,0.0939987005819618,0.125927089670678,0.209585692739069,0.364444444444444,0
3,-0.0101257115563246,0.0951042944588231,0.127366566091152,0.149075482321682,0.273333333333333,13
4,-0.010943533749385,0.0949123056178208,0.127656261957607,0.151872744274399,0.273333333333333,11
1,0.0144420576414551,0.0896264224042613,0.11108029670825,0.492496591728828,0.56,0
2,-0.00821008024844034,0.0900544082374894,0.120806406345065,0.264394053050198,0.462222222222222,0
3,-0.018378329267419,0.0846134383466291,0.12559025980238,0,0.748888888888889,0
4,-0.018378329267419,0.0846134383466291,0.12559025980238,0,0.748888888888889,0
1,-0.0418385779999503,0.0854148733773383,0.110739655726999,0.648352909030616,0.735555555555556,0
2,-0.0420500380830644,0.0948019202445124,0.129196507446442,0.50419592384457,0.771111111111111,0
3,-0.0447343040719062,0.100210102009869,0.135965456425682,0.679344499940455,0.731111111111111,14
4,-0.0443361778525789,0.101354604644707,0.137653170060291,0.504232040446108,0.731111111111111,14
1,-0.0197283942537347,0.0740185954162477,0.097723175253016,0.712844337500028,0.666666666666667,0
2,-0.00780227438627227,0.0799642366360093,0.11036901778565,0.634850151122224,0.64,0
3,-0.0114471433370748,0.0807847286518538,0.124665596352837,0,0.791111111111111,0
4,-0.0114471433370748,0.0807847286518538,0.124665596352837,0,0.791111111111111,0
1,0.0344931224467291,0.0965349581277638,0.117571431686196,0.506756171751852,0.497777777777778,0
2,-0.00658503779913796,0.0877779442476754,0.116162947849456,0.421785409178048,0.431111111111111,0
3,-0.00728140531727302,0.0908264621209343,0.121820121966289,0.431306384733007,0.264444444444444,15
4,-0.00779767717297161,0.0915291041091612,0.123047123855147,0.29661229612077,0.264444444444444,13
1,0.0508419204673827,0.121474670618664,0.14448597871077,0.325226020265443,0.508888888888889,0
2,-0.0131461044549019,0.0785361258238569,0.104929471021677,0.511890356307858,0.593333333333333,0
3,-0.0280042234047424,0.0753321683854858,0.118285215255662,0,0.737777777777778,0
4,-0.0280042234047424,0.0753321683854858,0.118285215255662,0,0.737777777777778,0
1,0.00393450291997923,0.112819668758987,0.140338559616399,0.205220842426725,0.513333333333333,0
2,-0.00948119952513816,0.0914211354768219,0.124663962866471,0.141000570807273,0.482222222222222,0
3,-0.0083146336268598,0.0894462605966465,0.125183515195695,0.192279146331305,0.246666666666667,15
4,-0.0111180326803752,0.0883427621177105,0.125793143934943,-0.0415406734586615,0.246666666666667,13
1,0.0419688694530266,0.0922703796489585,0.11405610396375,0.62474429909019,0.546666666666667,0
2,0.00314795550647666,0.0909135124864453,0.119122481530333,0.371101401125675,0.404444444444444,0
3,-0.0118547054621047,0.0860340958191034,0.12487672272542,0,0.757777777777778,0
4,-0.0118547054621047,0.0860340958191034,0.12487672272542,0,0.757777777777778,0
1,0.0356107462380326,0.0937257374294326,0.117241946131993,0.679547662142499,0.582222222222222,0
2,-0.00996816930068113,0.0809054518386785,0.10199998481293,0.721704087297762,0.755555555555556,0
3,-0.0183327303629959,0.0854027339949446,0.116539694791399,0.762375020744555,0.751111111111111,14
4,-0.00869111014789801,0.0874047436660699,0.124098118728166,0.679298625392119,0.768888888888889,15
1,0.0247930329349605,0.106994503677261,0.132058706779615,0.510855515076852,0.582222222222222,0
2,-0.0238037290872639,0.0879024679920291,0.118817175643992,0.661621477098379,0.675555555555556,0
3,-0.0244858333113458,0.0930867894432707,0.132642387663601,0,0.717777777777778,0
4,-0.0244858333113458,0.0930867894432707,0.132642387663601,0,0.717777777777778,0
1,0.0607113978351414,0.0892045774460672,0.110808813839443,0.682788296207929,0.464444444444444,0
2,0.0110316414921981,0.0861528479592255,0.108558922732412,0.49607353517386,0.404444444444444,0
3,0.0074223038509852,0.088166528438184,0.114545144651886,0.54414701218057,0.244444444444444,15
4,0.0107466833429693,0.0916337112136761,0.117324096339625,0.399602190712738,0.244444444444444,14
1,-0.00301059415802168,0.0785462396605649,0.0974664115800015,0.673154422944232,0.622222222222222,0
2,-0.0243429069931045,0.0774737375671554,0.10573923912867,0.718268706707633,0.766666666666667,0
3,-0.0190278503128667,0.084120958346799,0.124951493425099,0,0.748888888888889,0
4,-0.0190278503128667,0.084120958346799,0.124951493425099,0,0.748888888888889,0
1,0.00184484121283749,0.0774572428461633,0.0966100840429487,0.65822887250593,0.62,0
2,-0.0156233094674026,0.0864577760597101,0.121463406590906,0.269923326714174,0.542222222222222,0
3,-0.0145192843091071,0.0853816544563745,0.12378224318328,0.372719813233671,0.28,15
4,-0.0152792966723598,0.0855881163596186,0.124525370443294,0.226805116854964,0.253333333333333,13
1,-0.0640448459111638,0.094679545813753,0.118247240046223,0.699131065837598,0.793333333333333,0
2,-0.0401123082165581,0.0943972133918216,0.125009631195377,0.513069130582068,0.78,0
3,-0.0201700044717455,0.0908943094627615,0.129000820110571,0,0.726666666666667,0
4,-0.0201700044717455,0.0908943094627615,0.129000820110571,0,0.726666666666667,0
1,-0.0304428028361488,0.0725896676201099,0.0980093001026855,0.710558165255578,0.711111111111111,0
2,-0.0417869105930349,0.0911862298182477,0.127254812348632,0.378146620753842,0.742222222222222,0
3,-0.0438860783833575,0.0945648897176843,0.131659927407803,0.435694142110023,0.744444444444444,15
4,-0.0412900505041236,0.0937571260804058,0.131794091306957,0.362023427382317,0.744444444444444,12
1,-0.00382583348237081,0.0892418317961041,0.110787113897068,0.631800695799547,0.644444444444444,0
2,-0.0125666794957643,0.0953627920829301,0.119474163959826,0.545992441816663,0.64,0
3,-0.0323488430270769,0.0944984166148527,0.138119578711917,0,0.711111111111111,0
4,-0.0323488430270769,0.0944984166148527,0.138119578711917,0,0.711111111111111,0
1,0.0167270901284329,0.102346319556058,0.128339137944256,0.532016044295742,0.622222222222222,0
2,-0.00762551782097115,0.0810044538890713,0.108446740585583,0.644958004918497,0.657777777777778,0
3,-0.0073210146355365,0.0843692799148885,0.118347064562909,0.831615449026995,0.246666666666667,14
4,-0.00818397445196555,0.0855689703482912,0.120801126005525,0.677193556669269,0.246666666666667,12
1,-0.0264419507436281,0.0812210273125851,0.104324624481562,0.732256671257998,0.72,0
2,-0.0370828096232098,0.0932764836948232,0.125762606131418,0.220737478544952,0.728888888888889,0
3,-0.0134020333510156,0.0842134172183601,0.12353493109965,0,0.755555555555556,0
4,-0.0134020333510156,0.0842134172183601,0.12353493109965,0,0.755555555555556,0
1,0.0020774069792214,0.0763698377975491,0.0939235111572119,0.680635277927829,0.644444444444444,0
2,-0.00841720068831834,0.0928155473507827,0.120320458998721,0.351723256603993,0.504444444444444,0
3,-0.00756393211287183,0.0946050763413024,0.123869652771866,0.485825683886742,0.291111111111111,15
4,-0.0100459292559111,0.094454596921186,0.125058639664555,0.411298963476402,0.291111111111111,14
1,0.0324650403659687,0.0893746226183786,0.1088105336031,0.584011243421066,0.54,0
2,-0.0127764907472995,0.0890337711978243,0.118798034253684,0.403021353472342,0.6,0
3,-0.015831115775336,0.0881714609928507,0.125499635372002,0,0.737777777777778,0
4,-0.015831115775336,0.0881714609928507,0.125499635372002,0,0.737777777777778,0
1,0.0219330707466957,0.0968630610040552,0.117599956775389,0.706734574778663,0.584444444444444,0
2,-0.00565390055425487,0.0869443717664497,0.106368715478132,0.690630839896098,0.682222222222222,0
3,0.00136864544477157,0.0966609143191893,0.123137516293007,0.688416424663494,0.268888888888889,14
4,-0.00810417781544959,0.100033077867958,0.13274731985039,0.590737916048575,0.268888888888889,13
1,-0.0380355923039157,0.0756604560474493,0.0993240131552991,0.735285423955392,0.764444444444444,0
2,-0.045486128474633,0.096825086853229,0.128225252045258,0.384613317639318,0.737777777777778,0
3,-0.0181391740970256,0.0878431314298724,0.128053257681022,0,0.742222222222222,0
4,-0.0181391740970256,0.0878431314298724,0.128053257681022,0,0.742222222222222,0
1,0.0245073894824414,0.0932666350991823,0.114486945397741,0.59690003098696,0.56,0
2,-0.00396377412526452,0.0852591748817942,0.108169342360031,0.59571079162898,0.642222222222222,0
3,-0.00238210382078695,0.0863668026671462,0.119330652098267,0.595766408159424,0.486666666666667,15
4,-0.00265485520103198,0.0891822421512481,0.123857364586134,0.501205621269925,0.231111111111111,12
1,0.0568642835217132,0.105390430024268,0.126600318179373,0.611756527755972,0.493333333333333,0
2,0.0237852792726234,0.109790116664746,0.127523769627994,0.586548623791912,0.293333333333333,0
3,-0.0224471630545433,0.0979665359273937,0.139395198565437,0,0.733333333333333,0
4,-0.0224471630545433,0.0979665359273937,0.139395198565437,0,0.733333333333333,0
1,-0.00903788311410878,0.0989426552073861,0.124074333200565,0.598804623759069,0.626666666666667,0
2,-0.0175224238992296,0.0840362103262504,0.1176075659107,0.528719551044708,0.688888888888889,0
3,-0.0177162789565984,0.0843556685228228,0.124538335163599,0.721911088665239,0.902222222222222,15
4,-0.0163111430222449,0.0848160785045079,0.12618261363374,0.564348412325491,0.795555555555556,14
1,-0.000540499733275723,0.0827538073221255,0.104758974948663,0.694980155340928,0.662222222222222,0
2,-0.0100934661895134,0.0771889249721769,0.105644533675158,0.597873628839172,0.711111111111111,0
3,-0.00812296402725113,0.0791813559022854,0.115957784775698,0,0.766666666666667,0
4,-0.00812296402725113,0.0791813559022854,0.115957784775698,0,0.766666666666667,0
1,0.00522046022699153,0.0800060785514338,0.0990288222423372,0.59021977330874,0.608888888888889,0
2,-0.00445030825739107,0.0834925808828247,0.115963379154105,0.187063749296816,0.422222222222222,0
3,-0.00486796913487898,0.0826238915721209,0.11676429298068,0.412127160991811,0.237777777777778,15
4,-0.00360709939123437,0.0838144671006988,0.1174730840111,0.145688728075273,0.237777777777778,14
1,0.0136502233972494,0.088269986606961,0.109985836286757,0.651488561653046,0.642222222222222,0
2,-0.00490712088010009,0.0852015138179966,0.112496858729971,0.604488833540663,0.52,0
3,-0.01679575460743,0.0851606098671883,0.124468119359631,0,0.744444444444444,0
4,-0.01679575460743,0.0851606098671883,0.124468119359631,0,0.744444444444444,0
1,-0.0531997886587922,0.0921493008506761,0.117596081132056,0.636151581362783,0.771111111111111,0
2,-0.0344326538068241,0.0879957156097858,0.121622132882625,0.554352348553367,0.795555555555556,0
3,-0.0345789037810138,0.0916611742031719,0.127504362914987,0.7491401173473,0.742222222222222,15
4,-0.0347654495574052,0.0929796040080269,0.129429287441498,0.58827822444453,0.742222222222222,13
1,0.0178782778624178,0.095185049442366,0.114427990188609,0.563469592677577,0.551111111111111,0
2,-0.0113079771367155,0.0930647640557778,0.126596979160736,0.402510218051639,0.535555555555556,0
3,-0.017967170919307,0.0913623785217602,0.133909412145118,0,0.755555555555556,0
4,-0.017967170919307,0.0913623785217602,0.133909412145118,0,0.755555555555556,0
1,0.0471028523325082,0.113168836477759,0.140990904683555,0.383501008729481,0.493333333333333,0
2,-0.00565434626456274,0.0847463396119874,0.113677034086056,0.500854947438198,0.488888888888889,0
3,-0.00476260126001234,0.0885228022310555,0.119708809834162,0.568252457606486,0.257777777777778,15
4,-0.00427195076947377,0.0898949599654831,0.121150357165837,0.485418202215148,0.257777777777778,15
1,0.0511614892552302,0.100205720992115,0.125436071326694,0.625434357118663,0.513333333333333,0
2,0.00590945400134809,0.087799615522663,0.114983218038846,0.461394947874364,0.331111111111111,0
3,-0.0182122662837368,0.0823304427669875,0.124880601221754,0,0.762222222222222,0
4,-0.0182122662837368,0.0823304427669875,0.124880601221754,0,0.762222222222222,0
1,0.00291527375522789,0.0989167373318366,0.123009925760294,0.573385790202155,0.597777777777778,0
2,0.0106341931278764,0.0930650763761628,0.119520678664442,0.325722125929179,0.373333333333333,0
3,0.0115774183604559,0.0960334067223073,0.124916428097319,0.241411228189221,0.22,15
4,0.0121709843999974,0.0966159426903821,0.125332296293802,0.201833664822586,0.22,12
1,0.0641216228618796,0.106188493603453,0.13251647809976,0.635718056303739,0.484444444444444,0
2,0.0179024555921614,0.102311655744266,0.124713472817397,0.343892427531105,0.3,0
3,-0.0169961926876641,0.0894774384778618,0.130338751767869,0,0.753333333333333,0
4,-0.0169961926876641,0.0894774384778618,0.130338751767869,0,0.753333333333333,0
1,-0.0613872537323224,0.095604759231485,0.125306300771709,0.734049763401317,0.764444444444444,0
2,-0.0343636290473057,0.0911452284350954,0.121774706691998,0.675709659039404,0.806666666666667,0
3,-0.0302362942062837,0.0950202835012052,0.132751129563758,0.696497272662135,0.868888888888889,15
4,-0.0347988700076278,0.100138721519152,0.137937518813248,0.518790337140616,0.731111111111111,14
1,-0.0432268793907776,0.0886774458127747,0.112955551005765,0.717429234732307,0.775555555555556,0
2,-0.0155914948853241,0.092629196528339,0.12304784303219,0.345020589388008,0.626666666666667,0
3,-0.0174456530851862,0.0903610563834944,0.129123000966664,0,0.733333333333333,0
4,-0.0174456530851862,0.0903610563834944,0.129123000966664,0,0.733333333333333,0
1,0.0348483896119947,0.083593729421605,0.101315651650652,0.705749102121209,0.508888888888889,0
2,-0.000548291182196251,0.0882588935040011,0.116355284987088,0.553736451200885,0.464444444444444,0
3,-0.00356130851031944,0.0931295992499575,0.124703810494687,0.660323905922312,0.255555555555556,14
4,-0.000789309008891967,0.0973016967616595,0.128090722035749,0.532933774072268,0.255555555555556,13
1,-0.00445538388883901,0.0901784717344939,0.116146194664433,0.479813522347693,0.588888888888889,0
2,-0.00653053636493912,0.096310562340527,0.12832210192028,0.114138778358276,0.417777777777778,0
3,-0.0166732810100486,0.0907486136917222,0.12992632124722,0,0.737777777777778,0
4,-0.0166732810100486,0.0907486136917222,0.12992632124722,0,0.737777777777778,0
1,0.00636050892954694,0.0896753890488573,0.112160543167166,0.641890294420505,0.648888888888889,0
2,-0.0122936399633076,0.0854424308760115,0.112126664980167,0.629351075057069,0.666666666666667,0
3,-0.0178121217931788,0.089321446141749,0.126137774961231,0.692778776234626,0.608888888888889,15
4,-0.0160373649722295,0.09209611495172,0.130155825789772,0.379863994642253,0.335555555555556,14
1,-1.35143775563581e-06,0.0902572477288627,0.113143460484874,0.588761631063006,0.633333333333333,0
2,-0.00998970380719825,0.0935943445519957,0.122761074950728,0.311842742653666,0.522222222222222,0
3,-0.0203879786272416,0.0891380970034279,0.12887073982199,0,0.728888888888889,0
4,-0.0203879786272416,0.0891380970034279,0.12887073982199,0,0.728888888888889,0
1,0.0127538756802382,0.0991213739569625,0.1217677770636,0.601525711252887,0.606666666666667,0
2,-0.0311825374947652,0.0914311084731717,0.123854918353104,0.637602252097272,0.817777777777778,0
3,-0.0301400770117941,0.094873550828115,0.132502090758718,0.763210601877419,0.955555555555556,15
4,-0.0311453121155377,0.0969026087323726,0.136163055043127,0.644726173512485,0.762222222222222,15
1,0.0205896275053072,0.106347694763518,0.131233968159806,0.489095706575318,0.586666666666667,0
2,0.00301736472344973,0.0852708251526596,0.111406177892982,0.602106669864128,0.462222222222222,0
3,-0.0166256158043785,0.0854898970923423,0.127629779423313,0,0.762222222222222,0
4,-0.0166256158043785,0.0854898970923423,0.127629779423313,0,0.762222222222222,0
1,-0.0603887358516379,0.0912933311772183,0.116761461733242,0.675397474781879,0.784444444444444,0
2,-0.0455546448215882,0.0907939998487014,0.119765495406597,0.483398006317211,0.786666666666667,0
3,-0.0477214545445987,0.0969095752254457,0.126073000616787,0.622571811195738,0.775555555555556,12
4,-0.0449458892401486,0.0962959234984326,0.126058210857689,0.445393832688669,0.775555555555556,12
1,-2.97011113089176e-06,0.0821618121090341,0.0995635270707518,0.661775912427789,0.626666666666667,0
2,0.00376454853918823,0.087070144023879,0.115328911697552,0.44797588715383,0.44,0
3,-0.0115748435691325,0.0823141307116839,0.121924396997455,0,0.766666666666667,0
4,-0.0115748435691325,0.0823141307116839,0.121924396997455,0,0.766666666666667,0
1,0.035239472889508,0.0925682804953597,0.1129763377755,0.615500132555843,0.52,0
2,-0.00942791782817586,0.0934135372636493,0.12370032024317,0.371652308006503,0.493333333333333,0
3,-0.00961734858167271,0.0947679798770781,0.127829471091206,0.550019212839579,0.266666666666667,14
4,-0.010346563849391,0.0954129295042909,0.129220998532099,0.391536209067037,0.266666666666667,13
1,0.0581159012238821,0.0968572565001397,0.112615062181629,0.709248891415837,0.428888888888889,0
2,0.00613375752683579,0.0969416318492406,0.123808071195676,0.397898075024026,0.295555555555556,0
3,-0.0210612464881834,0.0879239433485033,0.130714693225047,0,0.748888888888889,0
4,-0.0210612464881834,0.0879239433485033,0.130714693225047,0,0.748888888888889,0
1,0.0165896849018703,0.0876973318041228,0.108658480701044,0.656106348541768,0.568888888888889,0
2,-0.0157598484839531,0.0912069251719983,0.120431833825452,0.572864666087135,0.651111111111111,0
3,-0.0138619198609429,0.0917716046000071,0.127897365117266,0.690597517328717,0.586666666666667,14
4,-0.0154428193677587,0.0929000095815615,0.130865731084581,0.535726028380493,0.375555555555556,15
1,-0.0268201439711469,0.082181741511048,0.10423336889204,0.66713444301133,0.697777777777778,0
2,-0.0142894145421975,0.0918819413108114,0.122435795535983,0.292771356987104,0.533333333333333,0
3,-0.021738017166238,0.0874440144806345,0.128048260062213,0,0.733333333333333,0
4,-0.021738017166238,0.0874440144806345,0.128048260062213,0,0.733333333333333,0
1,-0.0127282973965,0.07924121428872,0.101978476226712,0.6731373907511,0.635555555555556,0
2,-0.0198938775181134,0.0877931746747744,0.121259232135271,0.621738522617263,0.628888888888889,0
3,-0.0208414404801443,0.0898191485730408,0.128852112085318,0.737599724409534,0.566666666666667,14
4,-0.0204653861136639,0.0920396782655542,0.132063987448553,0.643892836723302,0.275555555555556,15
1,-0.0393689493110801,0.0844723804232981,0.109143734527901,0.733514979860503,0.757777777777778,0
2,-0.0278543585509283,0.0806124708195404,0.110179384785817,0.804804563791438,0.886666666666667,0
3,-0.0161789182799776,0.0883708590257579,0.128839715938639,0,0.748888888888889,0
4,-0.0161789182799776,0.0883708590257579,0.128839715938639,0,0.748888888888889,0
1,0.0196887217585061,0.101643584045292,0.126506242568764,0.660071093549862,0.626666666666667,0
2,-0.00614164117178812,0.0917999512754108,0.122418463712898,0.552551605282253,0.582222222222222,0
3,-0.00586419495448863,0.0935926312578855,0.128327919397284,0.606098086202564,0.248888888888889,14
4,-0.00444703919343098,0.0963943555675676,0.130909061554397,0.530753498637356,0.248888888888889,15
1,-0.01785824323896,0.0934261903350662,0.115310141579436,0.67008251972317,0.68,0
2,-0.0279387668126627,0.0880287638704466,0.122909311765684,0.412243710796375,0.691111111111111,0
3,-0.0203665408902662,0.086863407634159,0.127275760999033,0,0.735555555555556,0
4,-0.0203665408902662,0.086863407634159,0.127275760999033,0,0.735555555555556,0
1,0.0358456645860024,0.088113310005677,0.105202369599455,0.59964496189839,0.446666666666667,0
2,0.00681389169465658,0.090437625055609,0.115746538040263,0.340780312994382,0.308888888888889,0
3,0.00741054742959182,0.0939241385371821,0.11987344488354,0.331777361393969,0.244444444444444,14
4,0.00822666133948525,0.0947677882776289,0.120525969495186,0.21268887726217,0.244444444444444,10
1,0.0201275503428873,0.074284193303306,0.0916285390879372,0.762875454894406,0.546666666666667,0
2,-0.0130086534210904,0.0872010803086394,0.115999032571719,0.667548508945857,0.486666666666667,0
3,-0.0289305250576421,0.0891661033757115,0.131343637944526,0,0.722222222222222,0
4,-0.0289305250576421,0.0891661033757115,0.131343637944526,0,0.722222222222222,0
1,-0.0425070586970429,0.0848906254695891,0.106358508687706,0.691257724273734,0.742222222222222,0
2,-0.0213348568968049,0.088440763458767,0.118063453911969,0.589630622509476,0.755555555555556,0
3,-0.0195046333772495,0.0909843233813513,0.125521024199507,0.72262918402029,0.748888888888889,13
4,-0.0209710606664649,0.0931643003598555,0.128391351993207,0.486702135701876,0.748888888888889,10
1,0.0155909305627193,0.0847472441831197,0.104981671424712,0.652778608774888,0.611111111111111,0
2,-0.00887194286886686,0.0868870377370978,0.112864554590053,0.500457703044975,0.677777777777778,0
3,-0.0115694281030158,0.0834614708777649,0.123014499349537,0,0.764444444444444,0
4,-0.0115694281030158,0.0834614708777649,0.123014499349537,0,0.764444444444444,0
1,0.00560753690150922,0.0817194663239601,0.101022233506397,0.699958056109958,0.651111111111111,0
2,-0.0146989187464116,0.0891460420113709,0.120983805063164,0.394439462733111,0.693333333333333,0
3,-0.0142162229644266,0.0884864141163045,0.125088720703743,0.557758635474106,0.771111111111111,15
4,-0.0134815088836889,0.0893173827070724,0.126504810072008,0.422099553562125,0.766666666666667,13
1,0.0353336089965083,0.0938413669450651,0.1185573068597,0.572329547181517,0.537777777777778,0
2,0.00105128435941695,0.0914013839158908,0.114053021092872,0.596481766774895,0.591111111111111,0
3,-0.0137814609777043,0.0902785303775856,0.128518591970825,0,0.746666666666667,0
4,-0.0137814609777043,0.0902785303775856,0.128518591970825,0,0.746666666666667,0
1,-0.0248651573667566,0.0830485697288159,0.104439380832702,0.738336147990026,0.704444444444444,0
2,-0.0125399287564098,0.0808940718253183,0.110294781622171,0.794408350221164,0.646666666666667,0
3,-0.0122893770526774,0.0877309045919815,0.123303848404823,0.871716271744658,0.522222222222222,14
4,-0.0116665152265612,0.0911023320859494,0.127751520425841,0.77465516132889,0.255555555555556,12
1,0.0277449015483093,0.0851255210336588,0.103538181510453,0.697570028756134,0.591111111111111,0
2,0.00870351048914663,0.0932663312307615,0.119637772974791,0.368482667785485,0.362222222222222,0
3,-0.0125930981211664,0.0859044192361345,0.125755046941873,0,0.762222222222222,0
4,-0.0125930981211664,0.0859044192361345,0.125755046941873,0,0.762222222222222,0
1,-0.0341787961150876,0.101911894368177,0.127247540893377,0.488722405959694,0.691111111111111,0
2,-0.0214958394897112,0.0951032182550728,0.124894587704412,0.50296345016071,0.68,0
3,-0.0190778031885073,0.0943233594378176,0.131391157012477,0.588234712916584,0.586666666666667,15
4,-0.021287327096266,0.0946621436760846,0.135593777244273,0.564052868329988,0.415555555555556,12
1,0.00427697983646693,0.0836511224071109,0.10592188407676,0.616217251236987,0.6,0
2,-0.0218563675569132,0.0879532373143442,0.117837070823109,0.534506779419395,0.711111111111111,0
3,-0.019553962645877,0.0877893910034736,0.126624445628942,0,0.731111111111111,0
4,-0.019553962645877,0.0877893910034736,0.126624445628942,0,0.731111111111111,0
1,-0.00590438428864693,0.0782587959259325,0.100537424369372,0.65213388253656,0.648888888888889,0
2,-0.0147331811712984,0.0901339111523518,0.121403523810519,0.500150855797564,0.677777777777778,0
3,-0.0160405483039263,0.0906358355923523,0.1278455559772,0.641022837086541,0.748888888888889,15
4,-0.0142471632986176,0.0913736062368947,0.129702122710273,0.541191140284164,0.76,11
1,-0.0504284223178915,0.0925381760558461,0.117115443910221,0.621277524703404,0.773333333333333,0
2,-0.0485341736216517,0.100912876894452,0.132472809305017,0.26756464815776,0.748888888888889,0
3,-0.020632311061379,0.0882972363593875,0.128741156735622,0,0.737777777777778,0
4,-0.020632311061379,0.0882972363593875,0.128741156735622,0,0.737777777777778,0
1,0.0155652135756146,0.0918998592561559,0.117073906599453,0.637185308441006,0.606666666666667,0
2,-0.00887311585273519,0.0843518502404488,0.114011845832614,0.613337960050991,0.631111111111111,0
3,-0.0078216346691335,0.0872286863976432,0.122396948004751,0.83061979441547,0.44,14
4,-0.00895293996168646,0.0886353768292456,0.12522606837626,0.607748543264081,0.268888888888889,12
1,0.067380556574038,0.106605665508931,0.130223848361218,0.477616032196413,0.44,0
2,0.00587165924353826,0.0930473442185869,0.118626736257358,0.44363818188568,0.393333333333333,0
3,-0.0135184850071891,0.087878292011449,0.125785977001174,0,0.746666666666667,0
4,-0.0135184850071891,0.087878292011449,0.125785977001174,0,0.746666666666667,0
1,0.0374031704262074,0.0928035491423829,0.115914222216946,0.736312376620097,0.571111111111111,0
2,-0.0155149359350113,0.0911715297914038,0.112983419605564,0.593015017071327,0.691111111111111,0
3,-0.013015124560685,0.0936128466677757,0.12471740660355,0.616677803147168,0.653333333333333,15
4,-0.0202761013559376,0.0943445266506098,0.132522696157181,0.541938100723897,0.497777777777778,13
1,-0.00126361739094499,0.0991789642823156,0.12044894712509,0.588120368289779,0.626666666666667,0
2,-0.0275908060242782,0.0960106544101683,0.1320264960527,0.403585488384839,0.615555555555556,0
3,-0.0305217702554531,0.0957003290541094,0.138656596678764,0,0.717777777777778,0
4,-0.0305217702554531,0.0957003290541094,0.138656596678764,0,0.717777777777778,0
1,0.0125683336049177,0.0785131965088746,0.0979445350460738,0.630412223742353,0.58,0
2,-0.00969636029369718,0.0829559967953672,0.115753049768814,0.3221977188958,0.573333333333333,0
3,-0.00798968097473865,0.0825142224323458,0.118819081802452,0.543900934590683,0.237777777777778,13
4,-0.00896495396156306,0.0824160747723543,0.11936097154001,0.427463124556479,0.237777777777778,13
1,0.0102511414975822,0.090046430290017,0.112643503396554,0.562724567131619,0.617777777777778,0
2,-0.0141392615636346,0.0828839190618498,0.112728067618914,0.641380426775001,0.748888888888889,0
3,-0.0101428567665978,0.085654600583197,0.125290057824089,0,0.766666666666667,0
4,-0.0101428567665978,0.085654600583197,0.125290057824089,0,0.766666666666667,0
1,0.0319244435535263,0.0963297906142308,0.118899984251849,0.685931407335345,0.553333333333333,0
2,-0.0125378002493811,0.09279730139232,0.125785644267392,0.372948803765191,0.453333333333333,0
3,-0.0134528923803356,0.0928209127136949,0.129115115967725,0.569567484234954,0.257777777777778,14
4,-0.0116567136555675,0.0951622418113409,0.130844513885414,0.535787391202715,0.257777777777778,13
1,-0.0293163579811343,0.0848640155839072,0.108853738090673,0.605814300829126,0.702222222222222,0
2,-0.0143522568591956,0.0852637720058776,0.118148070682201,0.357893929007911,0.62,0
3,-0.012160111885251,0.0831018513593463,0.123586937319213,0,0.766666666666667,0
4,-0.012160111885251,0.0831018513593463,0.123586937319213,0,0.766666666666667,0
1,-0.0185726295569186,0.0939633454917716,0.117966618919085,0.54152441253564,0.642222222222222,0
2,-0.0346987069148938,0.0938603374229336,0.126070741100168,0.467236015741984,0.78,0
3,-0.0353530021604832,0.0959209642633092,0.132276975034443,0.638812376438635,0.744444444444444,13
4,-0.0344035531523859,0.0968770537836277,0.134054803398679,0.361877955647548,0.744444444444444,14
1,0.0871911963927887,0.12053538424666,0.145086450273831,0.659261170043131,0.48,0
2,0.026039679653127,0.0994444350622191,0.115382512912276,0.657370544336166,0.364444444444444,0
3,-0.0149091425452393,0.0904077950771953,0.130570246035011,0,0.751111111111111,0
4,-0.0149091425452393,0.0904077950771953,0.130570246035011,0,0.751111111111111,0
1,0.00585687736239156,0.0828147679144886,0.102261398166667,0.740478340381929,0.637777777777778,0
2,-0.0301679557253348,0.0871275377147389,0.116486558289308,0.706244720586346,0.842222222222222,0
3,-0.0291059904548496,0.0923500537667563,0.12749605556253,0.852801483715271,0.833333333333333,12
4,-0.0307802605854055,0.09672612324445,0.132534451502916,0.594234732186889,0.731111111111111,13
1,-0.0239541156581777,0.104165076069646,0.128957530447046,0.380737921929782,0.615555555555556,0
2,-0.00910471040084416,0.0886737705424021,0.118506111935908,0.39853641251825,0.591111111111111,0
3,-0.017495784981557,0.0874047444415759,0.127237432924816,0,0.742222222222222,0
4,-0.017495784981557,0.0874047444415759,0.127237432924816,0,0.742222222222222,0
1,0.00361633134700568,0.0824448537979718,0.101927848738196,0.673368616331359,0.608888888888889,0
2,-0.025309154542195,0.0864413067842276,0.117012151615707,0.734167844040126,0.786666666666667,0
3,-0.0295980738342582,0.094864930694456,0.129253757465518,0.810873509364154,0.74,15
4,-0.0288005264565198,0.0990434122262356,0.134254042485922,0.675222689914782,0.74,10
1,0.0721816935019706,0.105697496561029,0.127512247245482,0.645821706779705,0.451111111111111,0
2,0.0100293038146647,0.0934066917925786,0.117855742636826,0.312896739340986,0.288888888888889,0
3,-0.0163748005233329,0.0832079498006496,0.122167713019818,0,0.746666666666667,0
4,-0.0163748005233329,0.0832079498006496,0.122167713019818,0,0.746666666666667,0
1,-0.00321107734580096,0.0884941573137597,0.111813676653785,0.617779504868932,0.611111111111111,0
2,-0.0184755057281121,0.0790981208143982,0.10821269371175,0.713216431000332,0.731111111111111,0
3,-0.0173758055662114,0.0851284118677697,0.124802919900419,0.760177092045534,0.731111111111111,14
4,-0.0173933383229874,0.0867077234283832,0.128652483902821,0.575353666929451,0.782222222222222,13
1,0.0722406595132951,0.117405825932994,0.146135866374748,0.587789373893449,0.497777777777778,0
2,0.0174125319995326,0.0957571476865282,0.117850566792014,0.599018898193506,0.355555555555556,0
3,-0.0129323441983016,0.0892825261273285,0.129688483979384,0,0.762222222222222,0
4,-0.0129323441983016,0.0892825261273285,0.129688483979384,0,0.762222222222222,0
1,0.00964679935526366,0.088964631667153,0.109595901084198,0.604501032343477,0.602222222222222,0
2,-0.0312155119977041,0.0951713254128783,0.128200742256473,0.310101045187259,0.713333333333333,0
3,-0.0297386138740333,0.0959393228379251,0.130847790552894,0.367842576805396,0.735555555555556,13
4,-0.0302586860200692,0.0968156214398549,0.131811160236177,0.310943868713762,0.735555555555556,14
1,-0.0163743022785744,0.0952629827320602,0.119464861249959,0.476810735185357,0.651111111111111,0
2,-0.0140760927935238,0.0823289276018602,0.11682827521566,0.358617270361425,0.62,0
3,-0.0122109695312654,0.0798867123696037,0.121139792126414,0,0.773333333333333,0
4,-0.0122109695312654,0.0798867123696037,0.121139792126414,0,0.773333333333333,0
1,0.0407505451970679,0.0865736058036632,0.102612373133625,0.680886608398418,0.495555555555556,0
2,0.00879437688551411,0.0884532292333654,0.115273542941838,0.442912250902359,0.444444444444444,0
3,0.00951546234390444,0.0906120656038785,0.119835121804186,0.556578796696835,0.224444444444444,15
4,0.0087815909842399,0.0918227648537417,0.121996404213972,0.437426468458876,0.224444444444444,13
1,-0.0250232076755427,0.0809722222328599,0.101677858510518,0.701020367876837,0.697777777777778,0
2,-0.027312379461609,0.0875334704537789,0.122247045382427,0.517642016531887,0.762222222222222,0
3,-0.0171623139572464,0.0857001260605944,0.13074228799774,0,0.773333333333333,0
4,-0.0171623139572464,0.0857001260605944,0.13074228799774,0,0.773333333333333,0
1,-0.030983833250891,0.0989247574149097,0.126102520132174,0.657902287373432,0.74,0
2,-0.00966661793633501,0.0834538934258341,0.104193725448792,0.678556010839497,0.74,0
3,-0.00712873609656692,0.0876009515248874,0.118049650917802,0.620299916899022,0.735555555555556,15
4,-0.00887292759156134,0.0875650030540511,0.126136380150148,0.584790678545302,0.544444444444444,11
1,-0.000975909140887259,0.0899109138763829,0.111255450331845,0.698409734452635,0.644444444444444,0
2,0.00473824009348364,0.0919325229855311,0.118199704718005,0.446085987136381,0.373333333333333,0
3,-0.0190189335943908,0.0869536545169994,0.126822984790016,0,0.74,0
4,-0.0190189335943908,0.0869536545169994,0.126822984790016,0,0.74,0
1,0.000697236523508495,0.0847045254608318,0.106713973629631,0.643592767256394,0.62,0
2,-0.0116495398836506,0.0869836732853558,0.117124768712172,0.573440057329259,0.682222222222222,0
3,-0.00847880918278968,0.0874173792845962,0.124224338340556,0.627715271810384,0.72,15
4,-0.0115082959459658,0.0873003868394719,0.12791769518769,0.577207467171016,0.484444444444444,15
1,-0.0625845277753115,0.0867005901056146,0.112697595328246,0.735676696304748,0.797777777777778,0
2,-0.055788536348505,0.0931333822610157,0.122555653478164,0.76862440117231,0.824444444444444,0
3,-0.017484509696221,0.0875430330196686,0.129454082544048,0,0.755555555555556,0
4,-0.017484509696221,0.0875430330196686,0.129454082544048,0,0.755555555555556,0
1,0.0175081917348166,0.0855575120031048,0.104235742573849,0.643825343147622,0.591111111111111,0
2,-0.00110503414389923,0.0837104443682958,0.107136971292331,0.545323426818608,0.622222222222222,0
3,0.00241100907052922,0.0845359917131218,0.11472462353777,0.589108947406484,0.233333333333333,15
4,0.001243290644786,0.0872605032194659,0.119054200309222,0.536947654948627,0.233333333333333,14
1,-0.0175012041917787,0.0744469522671269,0.0945920823786628,0.693221425339218,0.7,0
2,-0.00381677400936003,0.0862402590312029,0.116907182407416,0.236985274929452,0.462222222222222,0
3,-0.0099378399559358,0.0821836922889025,0.120476789393853,0,0.766666666666667,0
4,-0.0099378399559358,0.0821836922889025,0.120476789393853,0,0.766666666666667,0
1,-0.0133820918638413,0.0762727996421783,0.097864678100386,0.626310587620952,0.66,0
2,-0.0224978357220212,0.080873675159846,0.11524134229568,0.333287052789198,0.644444444444444,0
3,-0.0225076862958718,0.0787338683187011,0.118986150941662,0.557074191040562,0.76,13
4,-0.0241605157065749,0.0801063148751968,0.119953940069186,0.42739166622296,0.76,14
1,-0.0327826449522338,0.0864558142391761,0.115124836450832,0.492219964229716,0.644444444444444,0
2,-0.0221281661650248,0.0802724715120856,0.117586256306762,0.543563553673442,0.708888888888889,0
3,-0.0182397414186651,0.0792664861901897,0.125904538529291,0,0.78,0
4,-0.0182397414186651,0.0792664861901897,0.125904538529291,0,0.78,0
1,-0.0545259965882498,0.10069772092183,0.126860709106452,0.601253264892182,0.755555555555556,0
2,-0.0374237766804942,0.099375997980486,0.136371505439235,0.41458423829189,0.744444444444444,0
3,-0.0367996270361041,0.0994155530642343,0.14033695120612,0.598186786449657,0.731111111111111,15
4,-0.0392386511954366,0.102309891438532,0.142971930876063,0.503690950896111,0.731111111111111,12
1,-0.000637345862535354,0.0820568582411132,0.102895970810177,0.571642016624046,0.606666666666667,0
2,-0.0240323633263521,0.0770224891282876,0.108594016265195,0.596013045327854,0.8,0
3,-0.0136915483215365,0.075555373183013,0.118148017711169,0,0.782222222222222,0
4,-0.0136915483215365,0.075555373183013,0.118148017711169,0,0.782222222222222,0
1,0.0198172102362865,0.0831167714814971,0.105502596377527,0.67982163658941,0.626666666666667,0
2,-0.0186054519571614,0.0848242039351874,0.111578310143601,0.67870520060607,0.755555555555556,0
3,-0.0179715822143427,0.0881745877030052,0.121593490873318,0.755065569877082,0.828888888888889,15
4,-0.0198511646898785,0.0906144981274653,0.126298320091905,0.66147317839649,0.873333333333333,15
1,-0.0448411556764845,0.103775392542976,0.131596258249532,0.717527153644433,0.744444444444444,0
2,-0.0372682108876222,0.0889478499361586,0.120331525394625,0.692368001309487,0.826666666666667,0
3,-0.0241578079761841,0.0923509018581562,0.13532631925504,0,0.737777777777778,0
4,-0.0241578079761841,0.0923509018581562,0.13532631925504,0,0.737777777777778,0
1,0.00910588524210274,0.0916159216819077,0.114517436844979,0.567575081844833,0.606666666666667,0
2,-0.0204135252771653,0.0894350472602586,0.118470842404191,0.60629184170918,0.744444444444444,0
3,-0.0198926044481613,0.0914180971548046,0.128740999523418,0.695821235409303,0.746666666666667,15
4,-0.0192367758156591,0.0917623139816747,0.130942981178623,0.551521691324415,0.744444444444444,14
1,0.0232847352386159,0.0921824183469136,0.111748348585992,0.71156400081916,0.588888888888889,0
2,-0.0134958929878866,0.100342204155519,0.131750955491207,0.421071352994213,0.426666666666667,0
3,-0.0316280533051811,0.0985142940957812,0.141471981905338,0,0.711111111111111,0
4,-0.0316280533051811,0.0985142940957812,0.141471981905338,0,0.711111111111111,0
1,0.0165444832635381,0.100245180491732,0.12053065654868,0.476173163703381,0.562222222222222,0
2,-0.0134725010892252,0.0857416574755109,0.116958349197309,0.545526501809321,0.673333333333333,0
3,-0.0130845876963397,0.0861332170273305,0.122995901474534,0.615875479150886,0.768888888888889,15
4,-0.0119211332018622,0.0868065755913722,0.12512841205294,0.484527486260653,0.253333333333333,12
1,0.0345015706805943,0.10776385114408,0.130910085161953,0.671355234655059,0.577777777777778,0
2,-0.00771030414520512,0.0919753432287853,0.121514341837605,0.446083178791197,0.54,0
3,-0.0153011891626664,0.0901859498910449,0.129861835850233,0,0.748888888888889,0
4,-0.0153011891626664,0.0901859498910449,0.129861835850233,0,0.748888888888889,0
1,0.0285806432052288,0.095745704029076,0.116358398303053,0.549249798381281,0.515555555555556,0
2,-0.00717385776974464,0.0849583940047581,0.118451500712541,0.457764991441756,0.58,0
3,-0.00554175153327033,0.086438060540176,0.123902881188772,0.621608546420061,0.226666666666667,15
4,-0.0066516376078177,0.086345537590453,0.124692552513357,0.468347585369033,0.226666666666667,13
1,-0.0285371841514271,0.0890370971169211,0.113228974053525,0.602991646668566,0.66,0
2,-0.0377190077267822,0.0873604138366014,0.120733845656522,0.535808634825223,0.8,0
3,-0.0144510601299548,0.0828677127750518,0.125712381830687,0,0.773333333333333,0
4,-0.0144510601299548,0.0828677127750518,0.125712381830687,0,0.773333333333333,0
1,-0.0029016123272577,0.0906065707638836,0.110780751892174,0.757966004029498,0.648888888888889,0
2,-0.0200628107779514,0.082319979240916,0.113819573373319,0.516204217647504,0.78,0
3,-0.0144355111397682,0.083288527301739,0.118684729877595,0.622292462539386,0.773333333333333,13
4,-0.0178599136036491,0.0863212645832168,0.120970314652225,0.496793191630016,0.773333333333333,15
1,-0.0339301135721728,0.0874743992689536,0.110543410569445,0.6323626592665,0.7,0
2,-0.0268714686481871,0.0868113714430275,0.118992472958079,0.578154892455894,0.726666666666667,0
3,-0.0198808314335482,0.0872789550388021,0.128830357960213,0,0.746666666666667,0
4,-0.0198808314335482,0.0872789550388021,0.128830357960213,0,0.746666666666667,0
1,-0.0183855649500555,0.0896432841578097,0.111087128999753,0.612497027091719,0.642222222222222,0
2,-0.025374965994658,0.0867796137536839,0.121653716472227,0.519085902878609,0.74,0
3,-0.0224336887314501,0.0875145711516826,0.127173087365757,0.765338393255937,0.833333333333333,12
4,-0.0239913840896551,0.0893701174118389,0.12922782978078,0.61016164989317,0.757777777777778,14
1,-0.0453845046321899,0.0875048949293194,0.110743500714718,0.660251537018836,0.768888888888889,0
2,-0.0375334961681375,0.0865029911701225,0.117594471570694,0.578104320099843,0.74,0
3,-0.0129325649436487,0.0833609614941099,0.123333130715595,0,0.762222222222222,0
4,-0.0129325649436487,0.0833609614941099,0.123333130715595,0,0.762222222222222,0
1,0.00679064090332669,0.0898502432786345,0.113534944472316,0.728586236975745,0.646666666666667,0
2,-0.0154070757091026,0.0857185559096044,0.115735984175486,0.568205288958451,0.591111111111111,0
3,-0.0160249558317167,0.0884907195973392,0.124141247951047,0.652891894657797,0.348888888888889,14
4,-0.0186243601663648,0.0900730620650474,0.127746537390846,0.42940193728454,0.273333333333333,11
1,0.0163330615631315,0.0789934180615011,0.0973572008864459,0.716752692730706,0.571111111111111,0
2,-0.0148654000816014,0.0717112333677336,0.103845387648396,0.678857891239631,0.64,0
3,-0.0169926601040503,0.074714623707533,0.117256777648025,0,0.773333333333333,0
4,-0.0169926601040503,0.074714623707533,0.117256777648025,0,0.773333333333333,0
1,-0.0169734431786471,0.0913063020694269,0.11525445920798,0.438531921829836,0.617777777777778,0
2,-0.0176167293633001,0.0847043967649443,0.115561084358106,0.384282276604765,0.655555555555556,0
3,-0.0182647019915259,0.0853557809186563,0.12084686886705,0.449646792607968,0.775555555555556,14
4,-0.0190523205997231,0.0867816902819083,0.12217614145004,0.489453340458524,0.775555555555556,11
1,0.0108889668619649,0.0796518582483675,0.0958880101478539,0.682195476156027,0.633333333333333,0
2,-0.0142124293815238,0.0826630054866556,0.110880529507539,0.718750861065484,0.751111111111111,0
3,-0.0111046847960905,0.0877004727936029,0.124316651855282,0,0.746666666666667,0
4,-0.0111046847960905,0.0877004727936029,0.124316651855282,0,0.746666666666667,0
1,0.0360036395622864,0.0844019321436082,0.100876785631404,0.720746684205114,0.515555555555556,0
2,-0.00201292597741995,0.0903631164394825,0.120305964371219,0.367733631106046,0.424444444444444,0
3,0.0011943682136281,0.092674662304121,0.123959271460765,0.380538907569149,0.24,13
4,-0.00263640140397925,0.0911545303689046,0.1248017913144,0.352277570611691,0.24,14
1,0.0358952252600324,0.103279816322007,0.125871529110068,0.661196476123953,0.542222222222222,0
2,-0.00786690231281278,0.0904777589722403,0.123222353999568,0.369978930405346,0.58,0
3,-0.0105591522922389,0.0883046480948107,0.128860853044768,0,0.768888888888889,0
4,-0.0105591522922389,0.0883046480948107,0.128860853044768,0,0.768888888888889,0
1,-0.0373130209664897,0.0830501782520772,0.107233379772102,0.649709221367434,0.748888888888889,0
2,-0.0301138671544034,0.0833908117146685,0.11387073596004,0.681782720155102,0.853333333333333,0
3,-0.0284421362128443,0.0889163198304346,0.123031391305895,0.858323340747404,0.766666666666667,15
4,-0.0287466145871517,0.0908932211536188,0.125659062048932,0.713393230078075,0.766666666666667,12
1,-0.0420888299698808,0.0800380641366885,0.104033869241446,0.748090237992555,0.735555555555556,0
2,-0.0328508027101258,0.0896570756922286,0.123132790904055,0.571686725435669,0.773333333333333,0
3,-0.024039651402173,0.090855311195823,0.131035455492257,0,0.722222222222222,0
4,-0.024039651402173,0.090855311195823,0.131035455492257,0,0.722222222222222,0
1,0.0122706456434045,0.0999857436424647,0.12343103318634,0.537133525372318,0.573333333333333,0
2,-0.00973067391564217,0.0852251657631686,0.114006336938337,0.548566822632192,0.564444444444444,0
3,-0.00895072242301166,0.0878509740000497,0.121252255559106,0.685565262059102,0.255555555555556,14
4,-0.0105375451738988,0.0886595701858561,0.123726416571099,0.607035331314681,0.255555555555556,15
1,0.0223772975987804,0.0910981109677045,0.111336338504486,0.61778899802878,0.548888888888889,0
2,-0.0150388625560293,0.0988114294948707,0.129015837906996,0.482523014211688,0.595555555555556,0
3,-0.0228770721112697,0.0988481951798245,0.138568352569763,0,0.72,0
4,-0.0228770721112697,0.0988481951798245,0.138568352569763,0,0.72,0
1,-0.0272569745864619,0.0854260191580497,0.107974191122068,0.67128232835421,0.708888888888889,0
2,-0.0294483662601651,0.0880266603682657,0.121179010140842,0.615024084938987,0.728888888888889,0
3,-0.0314502265170855,0.0910550658457613,0.129093446668331,0.759303562602137,0.777777777777778,14
4,-0.0308095750661473,0.0922654770186394,0.131596098676807,0.664463019913821,0.726666666666667,14
1,0.097576744882957,0.121666913648629,0.148161429744274,0.586486093037485,0.415555555555556,0
2,0.0220071602757048,0.0988303314778037,0.120747862133646,0.282145549893319,0.255555555555556,0
3,-0.01367426278943,0.0841311471324624,0.123006244374285,0,0.748888888888889,0
4,-0.01367426278943,0.0841311471324624,0.123006244374285,0,0.748888888888889,0
1,0.016222671786843,0.0927904407264456,0.115900602069538,0.689547797553216,0.64,0
2,-0.0115774642627092,0.0864212598992541,0.110023616440471,0.611480105458349,0.688888888888889,0
3,-0.0181550329580444,0.0873831004457891,0.12036043340533,0.635287240055904,0.746666666666667,15
4,-0.0125885941829678,0.0901640550776355,0.124867994509492,0.528166307382146,0.271111111111111,11
1,-0.0116535730646852,0.0751727334247159,0.0961323008900556,0.670213354268648,0.668888888888889,0
2,-0.000583436659780655,0.0858733614896726,0.114517517305931,0.572302514502932,0.486666666666667,0
3,-0.0132309325551862,0.0849987947544232,0.124976980649281,0,0.76,0
4,-0.0132309325551862,0.0849987947544232,0.124976980649281,0,0.76,0
1,-0.0249101483766181,0.090793782202272,0.113714480783466,0.629492933290757,0.697777777777778,0
2,-0.00682401434167001,0.0918237136830874,0.122714099016007,0.369175830947447,0.497777777777778,0
3,-0.0100600467126837,0.0924698628973424,0.127988903977919,0.309657898910423,0.255555555555556,14
4,-0.00885109973716047,0.0933867750943825,0.128228862220186,0.354703676229712,0.255555555555556,14
1,0.00594393320566169,0.0784886686811614,0.0989422375057954,0.699712727381839,0.617777777777778,0
2,-0.0350112057714818,0.0842316257001573,0.118227905356316,0.481330195224294,0.715555555555556,0
3,-0.0270912415654474,0.0820595992166648,0.124727049826282,0,0.731111111111111,0
4,-0.0270912415654474,0.0820595992166648,0.124727049826282,0,0.731111111111111,0
1,0.0166790746109499,0.0886638790074309,0.111440247395449,0.566183656748958,0.593333333333333,0
2,-0.0251482648407098,0.0810692425832488,0.109632712317058,0.624555684454584,0.751111111111111,0
3,-0.0299999088229756,0.0846728779959774,0.118749815949054,0.596056230852642,0.74,15
4,-0.0296019627949379,0.0874012508828697,0.122495943202279,0.610643143449873,0.74,15
1,-0.0467340801867896,0.0934968326367505,0.118840926778916,0.639689827313209,0.72,0
2,-0.0271326149511245,0.0869925642117002,0.119597565624052,0.362170282949561,0.593333333333333,0
3,-0.0170095084516102,0.0858286169528028,0.126535179315764,0,0.748888888888889,0
4,-0.0170095084516102,0.0858286169528028,0.126535179315764,0,0.748888888888889,0
1,0.0490495471826554,0.0965199699749239,0.116666252658439,0.581393879467719,0.444444444444444,0
2,0.00120819698689708,0.0826956947627534,0.113135395506464,0.550622135938898,0.406666666666667,0
3,-0.000261501065529317,0.0861547370385582,0.118893702211497,0.823750985276486,0.226666666666667,15
4,-0.000586266583721992,0.0874408583499295,0.121161418427594,0.533932186181615,0.226666666666667,15
1,0.00623879519467755,0.0986119915964805,0.12143182277418,0.489788300667061,0.586666666666667,0
2,-0.00921723631007821,0.0968269098197368,0.128746007904994,0.155562320484308,0.44,0
3,-0.0195207818771251,0.0916209123287119,0.13135412996751,0,0.733333333333333,0
4,-0.0195207818771251,0.0916209123287119,0.13135412996751,0,0.733333333333333,0
1,-0.00100968343427563,0.0927413029958436,0.116980571292235,0.680704757806059,0.684444444444444,0
2,-0.0198186145059583,0.0954173689834567,0.124159757472108,0.516874030127355,0.655555555555556,0
3,-0.0197410501479357,0.0964710603625004,0.131394909978429,0.627230674564207,0.628888888888889,15
4,-0.0196125031319637,0.0972010690862097,0.133689037938888,0.516330899743505,0.488888888888889,13
1,0.0470899240421302,0.100895941432612,0.12349167459468,0.624150276251743,0.513333333333333,0
2,-0.00159972790061285,0.0774547175703631,0.106016773782411,0.646734678770651,0.602222222222222,0
3,-0.00899931936236476,0.0796003330481274,0.119350825724993,0,0.773333333333333,0
4,-0.00899931936236476,0.0796003330481274,0.119350825724993,0,0.773333333333333,0
1,-0.000317451495740827,0.0905751323735978,0.11165948892431,0.59688797138123,0.637777777777778,0
2,-0.0120682416893495,0.0855569820940096,0.112143630056179,0.616061372440518,0.708888888888889,0
3,-0.00947703156254835,0.0874114564364929,0.120734414597646,0.710215900729541,0.7,13
4,-0.0120794220036701,0.0888107577549387,0.124759578543908,0.589049017241412,0.76,14
1,0.0290566676227187,0.0901241014176189,0.108958409644489,0.667919954692926,0.586666666666667,0
2,0.00577379734157914,0.0935316960054886,0.118288211504184,0.340748472848899,0.384444444444444,0
3,-0.0177028394978385,0.0856279655534431,0.12448557865842,0,0.742222222222222,0
4,-0.0177028394978385,0.0856279655534431,0.12448557865842,0,0.742222222222222,0
1,0.00674471074314099,0.0895681704931726,0.109299261724963,0.553078050844153,0.586666666666667,0
2,-0.00960582650627083,0.0787237261734371,0.108061419600742,0.489153465434662,0.615555555555556,0
3,-0.0117336075728598,0.0771271809670486,0.113318552276721,0.59294482298782,0.733333333333333,15
4,-0.0116200977564879,0.0774738863689155,0.11595225958713,0.5149781975589,0.782222222222222,14
1,0.021427573166676,0.0798065243903296,0.0977409396625659,0.698384625845554,0.568888888888889,0
2,0.00475954375716212,0.0796738175809755,0.104760390359277,0.556248505853174,0.537777777777778,0
3,-0.0106468657191303,0.0759337562598876,0.116830587382903,0,0.782222222222222,0
4,-0.0106468657191303,0.0759337562598876,0.116830587382903,0,0.782222222222222,0
1,-0.0376932339773573,0.0847174778175395,0.106730594741008,0.759817508734481,0.731111111111111,0
2,-0.0305445766260661,0.0864477767822619,0.1175928391231,0.673205704262382,0.76,0
3,-0.0308319976281687,0.0947915073034442,0.129162264390701,0.751914019994977,0.731111111111111,15
4,-0.0312901011344036,0.0985710491595156,0.13299811967611,0.540695255653878,0.731111111111111,13
1,-0.00332113020235943,0.0798129647260108,0.100496585882214,0.620215340075482,0.615555555555556,0
2,0.0122790396904127,0.0905149286606498,0.116969506872091,0.449498571567047,0.313333333333333,0
3,-0.0134273733928723,0.0814357844673811,0.123393723773133,0,0.773333333333333,0
4,-0.0134273733928723,0.0814357844673811,0.123393723773133,0,0.773333333333333,0
1,0.097850243238138,0.118562246689095,0.141539163970975,0.758901941664334,0.475555555555556,0
2,0.0233138360763156,0.0951739318087771,0.11135529824089,0.624885328841638,0.382222222222222,0
3,0.0233156393956682,0.106534028292942,0.123055083947845,0.583298840657118,0.295555555555556,12
4,0.0195747098500861,0.108466379287069,0.126462987782531,0.533429486148189,0.295555555555556,14
